Entity,Code,Year,current_exp,gdp_per_cap,Continent
Afghanistan,AFG,1985,45.566,282,
Afghanistan,AFG,1995,53.055,189,
Afghanistan,AFG,2005,58.5,264,
Afghanistan,AFG,2010,61.226,558,
Afghanistan,AFG,2014,62.895,651,
Afghanistan,AFG,2015,63.288,611,
Afghanistan,AFG,2016,63.673,584,
Africa,,1985,51.23,927,Africa
Africa,,1995,51.928,800,Africa
Africa,,2005,55.167,1213,Africa
Africa,,2010,58.678,1859,Africa
Africa,,2014,60.988,2145,Africa
Africa,,2015,61.457,1918,Africa
Africa,,2016,61.883,1752,Africa
Albania,ALB,1985,71.388,783,
Albania,ALB,1995,72.205,770,
Albania,ALB,2005,75.217,2615,
Albania,ALB,2010,76.652,4056,
Albania,ALB,2014,77.963,4529,
Albania,ALB,2015,78.174,3877,
Albania,ALB,2016,78.345,4054,
Algeria,DZA,1985,64.113,2564,
Algeria,DZA,1995,68.115,1452,
Algeria,DZA,2005,72.767,3100,
Algeria,DZA,2010,74.676,4463,
Algeria,DZA,2014,75.641,5466,
Algeria,DZA,2015,75.86,4160,
Algeria,DZA,2016,76.078,3917,
Angola,AGO,1985,41.193,860,
Angola,AGO,1995,43.125,466,
Angola,AGO,2005,52.833,1891,
Angola,AGO,2010,58.192,3586,
Angola,AGO,2014,60.858,5413,
Angola,AGO,2015,61.241,4133,
Angola,AGO,2016,61.547,3711,
Antigua and Barbuda,ATG,1985,70.187,3508,
Antigua and Barbuda,ATG,1995,72.44,7841,
Antigua and Barbuda,ATG,2005,74.544,11372,
Antigua and Barbuda,ATG,2010,75.412,12127,
Antigua and Barbuda,ATG,2014,76.05,12947,
Antigua and Barbuda,ATG,2015,76.207,13659,
Antigua and Barbuda,ATG,2016,76.364,14462,
Argentina,ARG,1985,70.623,3144,
Argentina,ARG,1995,72.719,7993,
Argentina,ARG,2005,74.775,5125,
Argentina,ARG,2010,75.595,10346,
Argentina,ARG,2014,76.252,13193,
Argentina,ARG,2015,76.415,14603,
Argentina,ARG,2016,76.577,12449,
Armenia,ARM,1995,68.938,426,
Armenia,ARM,2005,72.625,1753,
Armenia,ARM,2010,73.331,3432,
Armenia,ARM,2014,74.255,3995,
Armenia,ARM,2015,74.445,3618,
Armenia,ARM,2016,74.618,3615,
Aruba,ABW,1985,73.181,6108,
Aruba,ABW,1995,73.622,16442,
Aruba,ABW,2005,74.287,23303,
Aruba,ABW,2010,75.016,23513,
Aruba,ABW,2014,75.582,25528,
Aruba,ABW,2015,75.725,25807,
Aruba,ABW,2016,75.867,25444,
Asia,,1985,62.619,1010,Asia
Asia,,1995,65.909,2635,Asia
Asia,,2005,69.526,3115,Asia
Asia,,2010,71.119,4968,Asia
Asia,,2014,72.154,6167,Asia
Asia,,2015,72.373,6049,Asia
Asia,,2016,72.578,6172,Asia
Australia,AUS,1985,75.637,11570,
Australia,AUS,1995,78.264,21717,
Australia,AUS,2005,80.955,37674,
Australia,AUS,2010,81.91,58490,
Australia,AUS,2014,82.559,62093,
Australia,AUS,2015,82.726,52238,
Australia,AUS,2016,82.896,54069,
Austria,AUT,1985,74.139,9112,
Austria,AUT,1995,76.823,30169,
Austria,AUT,2005,79.566,38282,
Austria,AUT,2010,80.584,46599,
Austria,AUT,2014,81.25,51184,
Austria,AUT,2015,81.42,44024,
Austria,AUT,2016,81.594,44857,
Azerbaijan,AZE,1995,65.256,396,
Azerbaijan,AZE,2005,68.75,1551,
Azerbaijan,AZE,2010,70.987,5857,
Azerbaijan,AZE,2014,71.8,7917,
Azerbaijan,AZE,2015,71.921,5519,
Azerbaijan,AZE,2016,72.026,3892,
Bahamas,BHS,1985,69.663,12271,
Bahamas,BHS,1995,71.351,18264,
Bahamas,BHS,2005,73.787,29875,
Bahamas,BHS,2010,74.761,27979,
Bahamas,BHS,2014,75.379,28374,
Bahamas,BHS,2015,75.527,29056,
Bahamas,BHS,2016,75.675,28785,
Bahrain,BHR,1985,71.237,10669,
Bahrain,BHR,1995,73.413,12040,
Bahrain,BHR,2005,75.326,17959,
Bahrain,BHR,2010,76.056,20722,
Bahrain,BHR,2014,76.622,24983,
Bahrain,BHR,2015,76.761,22689,
Bahrain,BHR,2016,76.9,22579,
Bangladesh,BGD,1985,55.578,206,
Bangladesh,BGD,1995,61.868,319,
Bangladesh,BGD,2005,67.937,402,
Bangladesh,BGD,2010,70.198,753,
Bangladesh,BGD,2014,71.803,1086,
Bangladesh,BGD,2015,72.155,1206,
Bangladesh,BGD,2016,72.489,1355,
Barbados,BRB,1985,70.145,5569,
Barbados,BRB,1995,72.481,8585,
Barbados,BRB,2005,74.163,14223,
Barbados,BRB,2010,74.973,15613,
Barbados,BRB,2014,75.603,15574,
Barbados,BRB,2015,75.755,15704,
Barbados,BRB,2016,75.906,15975,
Belarus,BLR,1995,68.273,1416,
Belarus,BLR,2005,68.354,3254,
Belarus,BLR,2010,70.739,6042,
Belarus,BLR,2014,72.505,8309,
Belarus,BLR,2015,72.748,5952,
Belarus,BLR,2016,72.926,5001,
Belgium,BEL,1985,74.598,8746,
Belgium,BEL,1995,76.907,28428,
Belgium,BEL,2005,78.975,36727,
Belgium,BEL,2010,80.072,44205,
Belgium,BEL,2014,80.792,47336,
Belgium,BEL,2015,80.964,40326,
Belgium,BEL,2016,81.134,41199,
Belize,BLZ,1985,71.11,1268,
Belize,BLZ,1995,69.517,2834,
Belize,BLZ,2005,69.023,3933,
Belize,BLZ,2010,69.676,4344,
Belize,BLZ,2014,70.027,4852,
Belize,BLZ,2015,70.192,4850,
Belize,BLZ,2016,70.384,4745,
Benin,BEN,1985,50.034,264,
Benin,BEN,1995,55.203,397,
Benin,BEN,2005,57.355,602,
Benin,BEN,2010,59.319,758,
Benin,BEN,2014,60.373,931,
Benin,BEN,2015,60.639,800,
Benin,BEN,2016,60.907,818,
Bhutan,BTN,1985,49.173,369,
Bhutan,BTN,1995,56.657,562,
Bhutan,BTN,2005,64.882,1247,
Bhutan,BTN,2010,67.79,2179,
Bhutan,BTN,2014,69.43,2523,
Bhutan,BTN,2015,69.817,2614,
Bhutan,BTN,2016,70.197,2774,
Bosnia and Herzegovina,BIH,1995,71.643,529,
Bosnia and Herzegovina,BIH,2005,75.223,2968,
Bosnia and Herzegovina,BIH,2010,75.905,4615,
Bosnia and Herzegovina,BIH,2014,76.561,5204,
Bosnia and Herzegovina,BIH,2015,76.735,4584,
Bosnia and Herzegovina,BIH,2016,76.911,4808,
Botswana,BWA,1985,62.556,704,
Botswana,BWA,1995,55.53,3015,
Botswana,BWA,2005,52.165,5351,
Botswana,BWA,2010,59.868,6346,
Botswana,BWA,2014,64.78,7494,
Botswana,BWA,2015,65.846,6521,
Botswana,BWA,2016,66.797,6917,
Brazil,BRA,1985,63.514,1381,
Brazil,BRA,1995,67.6,4794,
Brazil,BRA,2005,72.04,4770,
Brazil,BRA,2010,73.838,11224,
Brazil,BRA,2014,75.042,12027,
Brazil,BRA,2015,75.284,8757,
Brazil,BRA,2016,75.509,8649,
Bulgaria,BGR,1985,71.347,1837,
Bulgaria,BGR,1995,70.928,1723,
Bulgaria,BGR,2005,72.67,3857,
Bulgaria,BGR,2010,73.716,6835,
Bulgaria,BGR,2014,74.473,7855,
Bulgaria,BGR,2015,74.618,6994,
Bulgaria,BGR,2016,74.749,7465,
Burkina Faso,BFA,1985,49.323,203,
Burkina Faso,BFA,1995,49.445,238,
Burkina Faso,BFA,2005,53.31,407,
Burkina Faso,BFA,2010,57.096,575,
Burkina Faso,BFA,2014,59.457,704,
Burkina Faso,BFA,2015,59.927,575,
Burkina Faso,BFA,2016,60.361,627,
Burundi,BDI,1985,48.845,249,
Burundi,BDI,1995,48.86,168,
Burundi,BDI,2005,52.735,150,
Burundi,BDI,2010,54.861,232,
Burundi,BDI,2014,56.688,274,
Burundi,BDI,2015,57.094,276,
Burundi,BDI,2016,57.481,273,
Cambodia,KHM,1985,50.563,137,
Cambodia,KHM,1995,55.189,311,
Cambodia,KHM,2005,63.088,474,
Cambodia,KHM,2010,66.555,786,
Cambodia,KHM,2014,68.251,1099,
Cambodia,KHM,2015,68.62,1163,
Cambodia,KHM,2016,68.981,1270,
Cameroon,CMR,1985,52.698,955,
Cameroon,CMR,1995,50.015,716,
Cameroon,CMR,2005,52.916,1030,
Cameroon,CMR,2010,55.424,1309,
Cameroon,CMR,2014,57.111,1571,
Cameroon,CMR,2015,57.582,1354,
Cameroon,CMR,2016,58.073,1374,
Canada,CAN,1985,76.386,14098,
Canada,CAN,1995,78.146,20594,
Canada,CAN,2005,80.232,36218,
Canada,CAN,2010,81.284,47221,
Canada,CAN,2014,82.035,50355,
Canada,CAN,2015,82.206,43194,
Canada,CAN,2016,82.374,42154,
Caribbean,,1985,66.196,2223,
Caribbean,,1995,68.306,3369,
Caribbean,,2005,70.626,5655,
Caribbean,,2010,71.902,7086,
Caribbean,,2014,72.756,7891,
Caribbean,,2015,72.955,8063,
Caribbean,,2016,73.15,8139,
Central African Republic,CAF,1985,49.823,344,
Central African Republic,CAF,1995,46.252,348,
Central African Republic,CAF,2005,44.466,342,
Central African Republic,CAF,2010,47.56,457,
Central African Republic,CAF,2014,50.621,389,
Central African Republic,CAF,2015,51.41,359,
Central African Republic,CAF,2016,52.171,394,
Central America,,1985,67.111,2453,
Central America,,1995,71.587,3253,
Central America,,2005,74.394,6574,
Central America,,2010,75.322,7553,
Central America,,2014,76.088,8994,
Central America,,2015,76.283,8120,
Central America,,2016,76.479,7552,
Central Asia,,1995,64.545,729,
Central Asia,,2005,66.591,1540,
Central Asia,,2010,68.696,3493,
Central Asia,,2014,70.073,5106,
Central Asia,,2015,70.27,4401,
Central Asia,,2016,70.421,3618,
Chad,TCD,1985,46.082,194,
Chad,TCD,1995,47.431,235,
Chad,TCD,2005,48.054,664,
Chad,TCD,2010,50.233,824,
Chad,TCD,2014,52.204,1082,
Chad,TCD,2015,52.575,835,
Chad,TCD,2016,52.903,780,
Chile,CHL,1985,71.739,1559,
Chile,CHL,1995,75.374,5253,
Chile,CHL,2005,77.791,7615,
Chile,CHL,2010,78.454,12860,
Chile,CHL,2014,79.117,14817,
Chile,CHL,2015,79.315,13653,
Chile,CHL,2016,79.522,13794,
China,CHN,1985,68.451,292,
China,CHN,1995,70.156,594,
China,CHN,2005,73.987,1747,
China,CHN,2010,75.236,4461,
China,CHN,2014,75.932,7578,
China,CHN,2015,76.092,8036,
China,CHN,2016,76.252,7993,
Colombia,COL,1985,67.588,1590,
Colombia,COL,1995,69.428,2946,
Colombia,COL,2005,72.303,3386,
Colombia,COL,2010,73.325,6251,
Colombia,COL,2014,74.022,7913,
Colombia,COL,2015,74.2,6045,
Colombia,COL,2016,74.381,5806,
Comoros,COM,1985,53.843,675,
Comoros,COM,1995,58.722,1016,
Comoros,COM,2005,60.126,1287,
Comoros,COM,2010,61.862,1549,
Comoros,COM,2014,63.216,1728,
Comoros,COM,2015,63.473,1421,
Comoros,COM,2016,63.701,1445,
Congo,COG,1985,56.877,1016,
Congo,COG,1995,53.247,756,
Congo,COG,2005,54.687,1637,
Congo,COG,2010,60.473,2800,
Congo,COG,2014,63.536,2890,
Congo,COG,2015,64.112,1700,
Congo,COG,2016,64.625,1517,
Costa Rica,CRI,1985,74.401,1827,
Costa Rica,CRI,1995,76.571,3278,
Costa Rica,CRI,2005,78.114,4697,
Costa Rica,CRI,2010,78.756,8199,
Costa Rica,CRI,2014,79.44,10647,
Costa Rica,CRI,2015,79.634,11406,
Costa Rica,CRI,2016,79.831,11825,
Croatia,HRV,1995,73.727,4849,
Croatia,HRV,2005,75.476,10374,
Croatia,HRV,2010,76.594,13823,
Croatia,HRV,2014,77.309,13536,
Croatia,HRV,2015,77.476,11668,
Croatia,HRV,2016,77.642,12159,
Cuba,CUB,1985,74.519,2273,
Cuba,CUB,1995,75.415,2790,
Cuba,CUB,2005,77.95,3779,
Cuba,CUB,2010,78.959,5676,
Cuba,CUB,2014,79.415,7050,
Cuba,CUB,2015,79.57,7609,
Cuba,CUB,2016,79.742,7815,
Cyprus,CYP,1985,75.718,5011,
Cyprus,CYP,1995,77.312,15265,
Cyprus,CYP,2005,78.631,25311,
Cyprus,CYP,2010,79.43,30817,
Cyprus,CYP,2014,80.173,27400,
Cyprus,CYP,2015,80.344,23231,
Cyprus,CYP,2016,80.508,23631,
Denmark,DNK,1985,74.573,12252,
Denmark,DNK,1995,75.629,35356,
Denmark,DNK,2005,77.936,48779,
Denmark,DNK,2010,79.399,57967,
Denmark,DNK,2014,80.412,62323,
Denmark,DNK,2015,80.587,52964,
Denmark,DNK,2016,80.739,53730,
Djibouti,DJI,1985,55.488,868,
Djibouti,DJI,1995,57.065,808,
Djibouti,DJI,2005,57.999,905,
Djibouti,DJI,2010,60.383,1254,
Djibouti,DJI,2014,62.006,1742,
Djibouti,DJI,2015,62.26,1873,
Djibouti,DJI,2016,62.465,2007,
Dominican Republic,DOM,1985,65.207,866,
Dominican Republic,DOM,1995,69.637,1995,
Dominican Republic,DOM,2005,71.644,3844,
Dominican Republic,DOM,2010,72.702,5368,
Dominican Republic,DOM,2014,73.483,6269,
Dominican Republic,DOM,2015,73.673,6468,
Dominican Republic,DOM,2016,73.861,6722,
Ecuador,ECU,1985,66.126,1895,
Ecuador,ECU,1995,71.217,2135,
Ecuador,ECU,2005,74.136,3022,
Ecuador,ECU,2010,75.046,4657,
Ecuador,ECU,2014,75.879,6432,
Ecuador,ECU,2015,76.102,6205,
Ecuador,ECU,2016,76.327,5982,
Egypt,EGY,1985,61.812,474,
Egypt,EGY,1995,66.789,1032,
Egypt,EGY,2005,69.444,1230,
Egypt,EGY,2010,70.357,2552,
Egypt,EGY,2014,71.12,3235,
Egypt,EGY,2015,71.304,3388,
Egypt,EGY,2016,71.484,2823,
El Salvador,SLV,1985,59.082,1164,
El Salvador,SLV,1995,67.27,1693,
El Salvador,SLV,2005,70.357,2835,
El Salvador,SLV,2010,71.902,3474,
El Salvador,SLV,2014,73.015,3989,
El Salvador,SLV,2015,73.267,4127,
El Salvador,SLV,2016,73.512,4224,
Equatorial Guinea,GNQ,1985,46.469,246,
Equatorial Guinea,GNQ,1995,50.588,427,
Equatorial Guinea,GNQ,2005,54.262,11250,
Equatorial Guinea,GNQ,2010,55.908,17136,
Equatorial Guinea,GNQ,2014,57.18,19246,
Equatorial Guinea,GNQ,2015,57.434,10717,
Equatorial Guinea,GNQ,2016,57.681,8742,
Eritrea,ERI,1995,52.311,207,
Eritrea,ERI,2005,58.691,277,
Eritrea,ERI,2010,62.181,482,
Eritrea,ERI,2014,64.174,854,
Eritrea,ERI,2015,64.636,987,
Eritrea,ERI,2016,65.092,1093,
Estonia,EST,1995,68.66,3086,
Estonia,EST,2005,72.622,10330,
Estonia,EST,2010,75.367,14640,
Estonia,EST,2014,77.141,19892,
Estonia,EST,2015,77.383,17157,
Estonia,EST,2016,77.562,17782,
Ethiopia,ETH,1995,49.305,132,
Ethiopia,ETH,2005,56.221,159,
Ethiopia,ETH,2010,61.625,300,
Ethiopia,ETH,2014,64.535,556,
Ethiopia,ETH,2015,65.037,632,
Ethiopia,ETH,2016,65.475,687,
Europe,,1985,72.293,5732,Europe
Europe,,1995,72.819,14556,Europe
Europe,,2005,74.454,21996,Europe
Europe,,2010,76.291,26824,Europe
Europe,,2014,77.52,29887,Europe
Europe,,2015,77.728,25659,Europe
Europe,,2016,77.904,25596,Europe
Fiji,FJI,1985,64.329,1605,
Fiji,FJI,1995,66.575,2570,
Fiji,FJI,2005,68.405,3627,
Fiji,FJI,2010,69.267,3652,
Fiji,FJI,2014,69.96,5062,
Fiji,FJI,2015,70.117,4890,
Fiji,FJI,2016,70.269,5197,
Finland,FIN,1985,74.6,11385,
Finland,FIN,1995,76.472,26215,
Finland,FIN,2005,78.978,38873,
Finland,FIN,2010,80.138,46181,
Finland,FIN,2014,80.967,49931,
Finland,FIN,2015,81.148,42401,
Finland,FIN,2016,81.323,43339,
France,FRA,1985,75.269,9773,
France,FRA,1995,77.747,26853,
France,FRA,2005,80.13,34843,
France,FRA,2010,81.387,40629,
France,FRA,2014,82.185,42924,
France,FRA,2015,82.369,36504,
France,FRA,2016,82.546,36826,
French Polynesia,PYF,1985,67.267,9795,
French Polynesia,PYF,1995,70.43,20542,
French Polynesia,PYF,2005,74.132,22374,
French Polynesia,PYF,2010,75.643,22704,
French Polynesia,PYF,2014,76.444,22399,
French Polynesia,PYF,2015,76.628,19026,
French Polynesia,PYF,2016,76.813,19335,
Gabon,GAB,1985,59.162,5589,
Gabon,GAB,1995,60.619,5081,
Gabon,GAB,2005,59.89,6827,
Gabon,GAB,2010,62.893,7854,
Gabon,GAB,2014,65.211,9283,
Gabon,GAB,2015,65.685,7077,
Gabon,GAB,2016,66.105,7002,
Gambia,GMB,1985,49.958,894,
Gambia,GMB,1995,53.844,737,
Gambia,GMB,2005,57.914,432,
Gambia,GMB,2010,59.622,563,
Gambia,GMB,2014,60.707,443,
Gambia,GMB,2015,60.954,475,
Gambia,GMB,2016,61.193,484,
Georgia,GEO,1995,70.462,539,
Georgia,GEO,2005,72.73,1429,
Georgia,GEO,2010,72.649,2750,
Georgia,GEO,2014,72.951,4135,
Georgia,GEO,2015,73.096,3541,
Georgia,GEO,2016,73.261,3651,
Germany,DEU,1985,74.347,9390,
Germany,DEU,1995,76.623,31898,
Germany,DEU,2005,79.223,35035,
Germany,DEU,2010,80.113,42241,
Germany,DEU,2014,80.691,47744,
Germany,DEU,2015,80.848,41313,
Germany,DEU,2016,81.011,42456,
Ghana,GHA,1985,54.111,519,
Ghana,GHA,1995,57.507,618,
Ghana,GHA,2005,58.666,798,
Ghana,GHA,2010,60.924,1313,
Ghana,GHA,2014,62.154,1450,
Ghana,GHA,2015,62.448,1354,
Ghana,GHA,2016,62.742,1517,
Greece,GRC,1985,75.086,4794,
Greece,GRC,1995,77.776,12687,
Greece,GRC,2005,79.597,21925,
Greece,GRC,2010,80.312,26154,
Greece,GRC,2014,80.874,21042,
Greece,GRC,2015,81.044,17431,
Greece,GRC,2016,81.224,17230,
Grenada,GRD,1985,67.66,1359,
Grenada,GRD,1995,69.402,2775,
Grenada,GRD,2005,71.438,6755,
Grenada,GRD,2010,72.618,7366,
Grenada,GRD,2014,73.388,8571,
Grenada,GRD,2015,73.531,9212,
Grenada,GRD,2016,73.659,9469,
Guatemala,GTM,1985,59.661,1210,
Guatemala,GTM,1995,65.09,1255,
Guatemala,GTM,2005,69.763,2078,
Guatemala,GTM,2010,71.494,2825,
Guatemala,GTM,2014,72.869,3688,
Guatemala,GTM,2015,73.15,3924,
Guatemala,GTM,2016,73.409,4147,
Guinea,GIN,1985,45.482,560,
Guinea,GIN,1995,51.717,668,
Guinea,GIN,2005,53.17,420,
Guinea,GIN,2010,56.765,635,
Guinea,GIN,2014,58.846,744,
Guinea,GIN,2015,59.419,725,
Guinea,GIN,2016,60.015,684,
Guinea-Bissau,GNB,1985,47.414,462,
Guinea-Bissau,GNB,1995,50.969,703,
Guinea-Bissau,GNB,2005,53.357,425,
Guinea-Bissau,GNB,2010,55.05,546,
Guinea-Bissau,GNB,2014,56.598,595,
Guinea-Bissau,GNB,2015,57,573,
Guinea-Bissau,GNB,2016,57.403,618,
Guyana,GUY,1985,62.801,956,
Guyana,GUY,1995,64.122,1302,
Guyana,GUY,2005,65.538,1752,
Guyana,GUY,2010,66.022,3026,
Guyana,GUY,2014,66.425,4031,
Guyana,GUY,2015,66.536,4137,
Guyana,GUY,2016,66.65,4444,
Haiti,HTI,1985,52.68,417,
Haiti,HTI,1995,56.316,345,
Haiti,HTI,2005,59.219,448,
Haiti,HTI,2010,61.296,671,
Haiti,HTI,2014,62.757,819,
Haiti,HTI,2015,63.055,780,
Haiti,HTI,2016,63.33,705,
Honduras,HND,1985,63.643,1014,
Honduras,HND,1995,68.898,828,
Honduras,HND,2005,71.532,1323,
Honduras,HND,2010,72.446,1933,
Honduras,HND,2014,73.181,2243,
Honduras,HND,2015,73.376,2326,
Honduras,HND,2016,73.575,2361,
Hungary,HUN,1985,69.212,2237,
Hungary,HUN,1995,70.018,4486,
Hungary,HUN,2005,73.138,11207,
Hungary,HUN,2010,74.609,13187,
Hungary,HUN,2014,75.646,14278,
Hungary,HUN,2015,75.81,12559,
Hungary,HUN,2016,75.944,12900,
Iceland,ISL,1985,77.206,12453,
Iceland,ISL,1995,78.762,26835,
Iceland,ISL,2005,81.099,56585,
Iceland,ISL,2010,81.785,41553,
Iceland,ISL,2014,82.425,52643,
Iceland,ISL,2015,82.587,51242,
Iceland,ISL,2016,82.749,60966,
India,IND,1985,55.83,281,
India,IND,1995,60.408,373,
India,IND,2005,64.556,710,
India,IND,2010,66.625,1341,
India,IND,2014,68.021,1576,
India,IND,2015,68.302,1629,
India,IND,2016,68.56,1706,
Indonesia,IDN,1985,61.555,617,
Indonesia,IDN,1995,65.032,1195,
Indonesia,IDN,2005,67.191,1343,
Indonesia,IDN,2010,68.15,3113,
Indonesia,IDN,2014,68.856,3492,
Indonesia,IDN,2015,69.025,3336,
Indonesia,IDN,2016,69.191,3570,
Iraq,IRQ,1985,61.236,775,
Iraq,IRQ,1995,68.489,172,
Iraq,IRQ,2005,68.35,1343,
Iraq,IRQ,2010,68.465,3808,
Iraq,IRQ,2014,69.458,5691,
Iraq,IRQ,2015,69.672,4642,
Iraq,IRQ,2016,69.862,4301,
Ireland,IRL,1985,73.704,5974,
Ireland,IRL,1995,75.64,18958,
Ireland,IRL,2005,78.801,50237,
Ireland,IRL,2010,80.34,47969,
Ireland,IRL,2014,81.134,55075,
Ireland,IRL,2015,81.307,61832,
Ireland,IRL,2016,81.476,64497,
Israel,ISR,1985,75.269,6717,
Israel,ISR,1995,77.758,18813,
Israel,ISR,2005,80.269,21576,
Israel,ISR,2010,81.462,31459,
Israel,ISR,2014,82.169,38837,
Israel,ISR,2015,82.335,37088,
Israel,ISR,2016,82.5,38788,
Italy,ITA,1985,75.644,7905,
Italy,ITA,1995,78.106,20449,
Italy,ITA,2005,80.937,31503,
Italy,ITA,2010,81.945,35578,
Italy,ITA,2014,82.63,36112,
Italy,ITA,2015,82.809,30794,
Italy,ITA,2016,82.99,31279,
Jamaica,JAM,1985,72.175,1114,
Jamaica,JAM,1995,71.99,2592,
Jamaica,JAM,2005,73.446,4097,
Jamaica,JAM,2010,74.883,4692,
Jamaica,JAM,2014,75.689,4856,
Jamaica,JAM,2015,75.836,4940,
Jamaica,JAM,2016,75.97,4879,
Japan,JPN,1985,77.827,11491,
Japan,JPN,1995,79.935,43118,
Japan,JPN,2005,82.275,37054,
Japan,JPN,2010,82.974,44341,
Japan,JPN,2014,83.484,37833,
Japan,JPN,2015,83.622,34224,
Japan,JPN,2016,83.764,38640,
Jordan,JOR,1985,68.283,1768,
Jordan,JOR,1995,70.885,1472,
Jordan,JOR,2005,72.594,2203,
Jordan,JOR,2010,73.412,3679,
Jordan,JOR,2014,74.034,4067,
Jordan,JOR,2015,74.182,4096,
Jordan,JOR,2016,74.329,4088,
Kazakhstan,KAZ,1995,63.936,1282,
Kazakhstan,KAZ,2005,65.22,3676,
Kazakhstan,KAZ,2010,67.613,9028,
Kazakhstan,KAZ,2014,69.439,12661,
Kazakhstan,KAZ,2015,69.692,10388,
Kazakhstan,KAZ,2016,69.877,7505,
Kenya,KEN,1985,59.082,464,
Kenya,KEN,1995,53.911,491,
Kenya,KEN,2005,55.819,597,
Kenya,KEN,2010,62.936,967,
Kenya,KEN,2014,66.242,1335,
Kenya,KEN,2015,66.695,1350,
Kenya,KEN,2016,67.032,1455,
Kiribati,KIR,1985,58.101,468,
Kiribati,KIR,1995,62.526,720,
Kiribati,KIR,2005,64.859,1215,
Kiribati,KIR,2010,65.354,1493,
Kiribati,KIR,2014,65.949,1611,
Kiribati,KIR,2015,66.13,1487,
Kiribati,KIR,2016,66.317,1518,
Kuwait,KWT,1985,71.021,12333,
Kuwait,KWT,1995,72.722,16487,
Kuwait,KWT,2005,73.505,35490,
Kuwait,KWT,2010,73.979,38497,
Kuwait,KWT,2014,74.458,43003,
Kuwait,KWT,2015,74.577,28980,
Kuwait,KWT,2016,74.694,27229,
Kyrgyzstan,KGZ,1995,66.036,327,
Kyrgyzstan,KGZ,2005,67.047,485,
Kyrgyzstan,KGZ,2010,68.86,884,
Kyrgyzstan,KGZ,2014,70.578,1293,
Kyrgyzstan,KGZ,2015,70.801,1139,
Kyrgyzstan,KGZ,2016,70.953,1100,
Latvia,LVA,1995,67.828,2155,
Latvia,LVA,2005,71.13,7514,
Latvia,LVA,2010,72.738,11216,
Latvia,LVA,2014,74.218,15584,
Latvia,LVA,2015,74.431,13554,
Latvia,LVA,2016,74.589,13993,
Lebanon,LBN,1985,68.904,850,
Lebanon,LBN,1995,72.071,3793,
Lebanon,LBN,2005,76.786,5390,
Lebanon,LBN,2010,78.43,8858,
Lebanon,LBN,2014,79.231,8537,
Lebanon,LBN,2015,79.409,8452,
Lebanon,LBN,2016,79.584,8400,
Lesotho,LSO,1985,56.395,202,
Lesotho,LSO,1995,56.902,542,
Lesotho,LSO,2005,46.521,800,
Lesotho,LSO,2010,50.826,1173,
Lesotho,LSO,2014,53.268,1175,
Lesotho,LSO,2015,53.745,1074,
Lesotho,LSO,2016,54.174,1017,
Liberia,LBR,1985,47.298,491,
Liberia,LBR,1995,50.163,101,
Liberia,LBR,2005,55.052,217,
Liberia,LBR,2010,59.631,327,
Liberia,LBR,2014,61.527,468,
Liberia,LBR,2015,62.007,593,
Liberia,LBR,2016,62.505,598,
Libya,LBY,1985,66.644,7715,
Libya,LBY,1995,69.85,5717,
Libya,LBY,2005,71.362,7846,
Libya,LBY,2010,71.643,13121,
Libya,LBY,2014,71.659,4960,
Libya,LBY,2015,71.776,5993,
Libya,LBY,2016,71.934,6826,
Lithuania,LTU,1995,69.768,1848,
Lithuania,LTU,2005,71.695,7817,
Lithuania,LTU,2010,72.891,11886,
Lithuania,LTU,2014,74.273,16394,
Lithuania,LTU,2015,74.481,14157,
Lithuania,LTU,2016,74.637,14707,
Luxembourg,LUX,1985,73.702,12915,
Luxembourg,LUX,1995,76.373,52894,
Luxembourg,LUX,2005,78.888,81571,
Luxembourg,LUX,2010,80.351,104772,
Luxembourg,LUX,2014,81.436,119226,
Luxembourg,LUX,2015,81.63,101959,
Luxembourg,LUX,2016,81.798,101835,
Madagascar,MDG,1985,49.694,277,
Madagascar,MDG,1995,54.616,276,
Madagascar,MDG,2005,61.212,324,
Madagascar,MDG,2010,63.388,492,
Madagascar,MDG,2014,65.133,503,
Madagascar,MDG,2015,65.539,471,
Madagascar,MDG,2016,65.932,451,
Malawi,MWI,1985,46.055,281,
Malawi,MWI,1995,46.585,250,
Malawi,MWI,2005,49.846,280,
Malawi,MWI,2010,57.263,459,
Malawi,MWI,2014,61.932,349,
Malawi,MWI,2015,62.661,366,
Malawi,MWI,2016,63.223,294,
Malaysia,MYS,1985,69.482,2000,
Malaysia,MYS,1995,71.813,4334,
Malaysia,MYS,2005,73.463,5594,
Malaysia,MYS,2010,74.21,9071,
Malaysia,MYS,2014,74.976,11184,
Malaysia,MYS,2015,75.143,9644,
Malaysia,MYS,2016,75.3,9508,
Maldives,MDV,1985,57.437,875,
Maldives,MDV,1995,65.568,2229,
Maldives,MDV,2005,74.151,3649,
Maldives,MDV,2010,76.112,7100,
Maldives,MDV,2014,76.783,9057,
Maldives,MDV,2015,77.042,9576,
Maldives,MDV,2016,77.339,9875,
Mali,MLI,1985,43.17,161,
Mali,MLI,1995,46.573,295,
Mali,MLI,2005,52.057,488,
Mali,MLI,2010,55.249,708,
Mali,MLI,2014,57.007,848,
Mali,MLI,2015,57.478,746,
Mali,MLI,2016,57.966,778,
Malta,MLT,1985,74.932,3311,
Malta,MLT,1995,77.039,9722,
Malta,MLT,2005,78.948,15716,
Malta,MLT,2010,79.85,21005,
Malta,MLT,2014,80.531,26358,
Malta,MLT,2015,80.694,24054,
Malta,MLT,2016,80.854,25616,
Mauritania,MRT,1985,56.912,613,
Mauritania,MRT,1995,59.419,722,
Mauritania,MRT,2005,60.729,698,
Mauritania,MRT,2010,61.997,1202,
Mauritania,MRT,2014,62.907,1319,
Mauritania,MRT,2015,63.082,1144,
Mauritania,MRT,2016,63.238,1085,
Mauritius,MUS,1985,68.381,1134,
Mauritius,MUS,1995,70.339,3786,
Mauritius,MUS,2005,72.446,5544,
Mauritius,MUS,2010,73.45,8016,
Mauritius,MUS,2014,74.395,10184,
Mauritius,MUS,2015,74.569,9275,
Mauritius,MUS,2016,74.72,9679,
Melanesia,OWID_MNS,1985,58.92,1179,
Melanesia,OWID_MNS,1995,61.492,2118,
Melanesia,OWID_MNS,2005,64.483,2156,
Melanesia,OWID_MNS,2010,65.716,3130,
Melanesia,OWID_MNS,2014,66.383,4011,
Melanesia,OWID_MNS,2015,66.545,3693,
Melanesia,OWID_MNS,2016,66.708,3534,
Mexico,MEX,1985,68.81,2839,
Mexico,MEX,1995,72.796,3829,
Mexico,MEX,2005,75.347,8089,
Mexico,MEX,2010,76.096,9016,
Mexico,MEX,2014,76.753,10581,
Mexico,MEX,2015,76.933,9291,
Mexico,MEX,2016,77.118,8444,
Middle Africa,,1985,47.593,569,Africa
Middle Africa,,1995,48.149,427,Africa
Middle Africa,,2005,52.569,887,Africa
Middle Africa,,2010,56.036,1408,Africa
Middle Africa,,2014,58.135,1923,Africa
Middle Africa,,2015,58.577,1511,Africa
Middle Africa,,2016,58.997,1420,Africa
Mongolia,MNG,1985,58.392,634,
Mongolia,MNG,1995,61.211,730,
Mongolia,MNG,2005,65.104,1158,
Mongolia,MNG,2010,67.383,2650,
Mongolia,MNG,2014,68.847,4182,
Mongolia,MNG,2015,69.087,3947,
Mongolia,MNG,2016,69.287,3686,
Montenegro,MNE,1995,74.1,1958,
Montenegro,MNE,2005,73.62,3697,
Montenegro,MNE,2010,75.28,6628,
Montenegro,MNE,2014,76.712,7309,
Montenegro,MNE,2015,76.938,6400,
Montenegro,MNE,2016,77.116,6958,
Morocco,MAR,1985,61.469,670,
Morocco,MAR,1995,66.848,1430,
Morocco,MAR,2005,71.456,2049,
Morocco,MAR,2010,73.999,2876,
Morocco,MAR,2014,75.309,3208,
Morocco,MAR,2015,75.573,2907,
Morocco,MAR,2016,75.821,2937,
Mozambique,MOZ,1985,41.705,443,
Mozambique,MOZ,1995,45.491,163,
Mozambique,MOZ,2005,51.362,369,
Mozambique,MOZ,2010,54.7,419,
Mozambique,MOZ,2014,57.099,623,
Mozambique,MOZ,2015,57.714,528,
Mozambique,MOZ,2016,58.311,379,
Myanmar,MMR,1985,56.904,177,
Myanmar,MMR,1995,60.463,180,
Myanmar,MMR,2005,63.597,246,
Myanmar,MMR,2010,65.178,826,
Myanmar,MMR,2014,66.285,1277,
Myanmar,MMR,2015,66.464,1193,
Myanmar,MMR,2016,66.612,1242,
Namibia,NAM,1985,59.584,1399,
Namibia,NAM,1995,60.192,2382,
Namibia,NAM,2005,53.563,3504,
Namibia,NAM,2010,58.189,5192,
Namibia,NAM,2014,62.981,5393,
Namibia,NAM,2015,63.782,4770,
Namibia,NAM,2016,64.388,4415,
Nepal,NPL,1985,50.162,164,
Nepal,NPL,1995,58.529,212,
Nepal,NPL,2005,65.537,322,
Nepal,NPL,2010,67.914,602,
Nepal,NPL,2014,69.511,697,
Nepal,NPL,2015,69.887,726,
Nepal,NPL,2016,70.253,722,
Netherlands,NLD,1985,76.462,9784,
Netherlands,NLD,1995,77.528,28867,
Netherlands,NLD,2005,79.401,41456,
Netherlands,NLD,2010,80.797,50135,
Netherlands,NLD,2014,81.555,52082,
Netherlands,NLD,2015,81.71,44750,
Netherlands,NLD,2016,81.859,45753,
New Caledonia,NCL,1985,69.013,5480,
New Caledonia,NCL,1995,72.164,19024,
New Caledonia,NCL,2005,74.625,26801,
New Caledonia,NCL,2010,75.721,37266,
New Caledonia,NCL,2014,76.561,39411,
New Caledonia,NCL,2015,76.759,34094,
New Caledonia,NCL,2016,76.954,34641,
New Zealand,NZL,1985,74.055,7376,
New Zealand,NZL,1995,76.989,17184,
New Zealand,NZL,2005,79.734,27742,
New Zealand,NZL,2010,80.857,33543,
New Zealand,NZL,2014,81.57,44004,
New Zealand,NZL,2015,81.729,38492,
New Zealand,NZL,2016,81.885,40233,
Nicaragua,NIC,1985,60.67,972,
Nicaragua,NIC,1995,67.411,893,
Nicaragua,NIC,2005,71.935,1171,
Nicaragua,NIC,2010,73.699,1526,
Nicaragua,NIC,2014,74.884,1975,
Nicaragua,NIC,2015,75.149,2096,
Nicaragua,NIC,2016,75.404,2151,
Niger,NER,1985,41.24,221,
Niger,NER,1995,46.659,188,
Niger,NER,2005,53.127,247,
Niger,NER,2010,56.838,348,
Niger,NER,2014,59.228,430,
Niger,NER,2015,59.667,363,
Niger,NER,2016,60.058,364,
Nigeria,NGA,1985,46.125,2139,
Nigeria,NGA,1995,45.852,454,
Nigeria,NGA,2005,48.246,1299,
Nigeria,NGA,2010,50.847,2327,
Nigeria,NGA,2014,52.549,3222,
Nigeria,NGA,2015,52.985,2730,
Nigeria,NGA,2016,53.428,2176,
Northern Africa,,1985,61.447,1103,Africa
Northern Africa,,1995,65.496,1270,Africa
Northern Africa,,2005,68.779,1908,Africa
Northern Africa,,2010,70.399,3182,Africa
Northern Africa,,2014,71.43,3488,Africa
Northern Africa,,2015,71.65,3316,Africa
Northern Africa,,2016,71.858,3060,Africa
Northern America,,1985,74.826,17665,Northern America
Northern America,,1995,76.27,28030,Northern America
Northern America,,2005,77.914,43566,Northern America
Northern America,,2010,78.811,48365,Northern America
Northern America,,2014,79.395,54404,Northern America
Northern America,,2015,79.542,55286,Northern America
Northern America,,2016,79.692,56228,Northern America
Northern Europe,,1985,74.501,9782,Europe
Northern Europe,,1995,76.119,23258,Europe
Northern Europe,,2005,78.54,41341,Europe
Northern Europe,,2010,79.876,42431,Europe
Northern Europe,,2014,80.811,49894,Europe
Northern Europe,,2015,80.994,45744,Europe
Northern Europe,,2016,81.162,43520,Europe
Norway,NOR,1985,76.121,15751,
Norway,NOR,1995,77.783,34813,
Norway,NOR,2005,79.971,66645,
Norway,NOR,2010,81.14,87831,
Norway,NOR,2014,81.856,97142,
Norway,NOR,2015,82.016,74361,
Norway,NOR,2016,82.173,70617,
Oceania,,1985,70.943,8664,Oceania
Oceania,,1995,73.634,16420,Oceania
Oceania,,2005,76.383,27109,Oceania
Oceania,,2010,77.513,40627,Oceania
Oceania,,2014,78.191,44112,Oceania
Oceania,,2015,78.356,37329,Oceania
Oceania,,2016,78.523,38561,Oceania
Oman,OMN,1985,63.915,6861,
Oman,OMN,1995,69.771,6193,
Oman,OMN,2005,74.231,12377,
Oman,OMN,2010,75.694,19281,
Oman,OMN,2014,76.578,20458,
Oman,OMN,2015,76.801,16627,
Oman,OMN,2016,77.029,14277,
Pakistan,PAK,1985,58.545,421,
Pakistan,PAK,1995,61.436,629,
Pakistan,PAK,2005,63.836,765,
Pakistan,PAK,2010,65.134,1023,
Pakistan,PAK,2014,66.139,1342,
Pakistan,PAK,2015,66.322,1413,
Pakistan,PAK,2016,66.481,1462,
Panama,PAN,1985,71.734,2580,Oceania
Panama,PAN,1995,74.09,3300,Oceania
Panama,PAN,2005,75.947,4643,Oceania
Panama,PAN,2010,76.828,7937,Oceania
Panama,PAN,2014,77.61,12594,Oceania
Panama,PAN,2015,77.806,13134,Oceania
Panama,PAN,2016,78.001,13680,Oceania
Papua New Guinea,PNG,1985,57.732,970,
Papua New Guinea,PNG,1995,60.418,1486,
Papua New Guinea,PNG,2005,63.433,1158,
Papua New Guinea,PNG,2010,64.634,1998,
Papua New Guinea,PNG,2014,65.23,2863,
Papua New Guinea,PNG,2015,65.384,2691,
Papua New Guinea,PNG,2016,65.544,2436,
Paraguay,PRY,1985,67.304,1094,
Paraguay,PRY,1995,68.911,1694,
Paraguay,PRY,2005,71.281,1507,
Paraguay,PRY,2010,72.285,3228,
Paraguay,PRY,2014,72.913,4713,
Paraguay,PRY,2015,73.023,4109,
Paraguay,PRY,2016,73.12,4039,
Peru,PER,1985,62.962,743,
Peru,PER,1995,68.026,2220,
Peru,PER,2005,72.473,2755,
Peru,PER,2010,73.681,5022,
Peru,PER,2014,74.518,6491,
Peru,PER,2015,74.747,6030,
Peru,PER,2016,74.983,6049,
Philippines,PHL,1985,63.798,627,
Philippines,PHL,1995,66.265,1176,
Philippines,PHL,2005,67.783,1195,
Philippines,PHL,2010,68.32,2130,
Philippines,PHL,2014,68.813,2843,
Philippines,PHL,2015,68.951,2878,
Philippines,PHL,2016,69.094,2951,
Poland,POL,1985,70.702,1975,
Poland,POL,1995,71.827,3696,
Poland,POL,2005,75.112,7980,
Poland,POL,2010,76.287,12507,
Poland,POL,2014,77.264,14237,
Poland,POL,2015,77.449,12475,
Poland,POL,2016,77.614,12332,
Polynesia,OWID_PYA,1985,65.821,4184,
Polynesia,OWID_PYA,1995,69.341,9689,
Polynesia,OWID_PYA,2005,72.402,11674,
Polynesia,OWID_PYA,2010,73.918,12636,
Polynesia,OWID_PYA,2014,74.871,12931,
Polynesia,OWID_PYA,2015,75.079,11183,
Polynesia,OWID_PYA,2016,75.279,11406,
Portugal,PRT,1985,73.376,2716,
Portugal,PRT,1995,75.388,11639,
Portugal,PRT,2005,78.46,18674,
Portugal,PRT,2010,79.946,22371,
Portugal,PRT,2014,80.827,21930,
Portugal,PRT,2015,81.029,19141,
Portugal,PRT,2016,81.23,19750,
Puerto Rico,PRI,1985,74.333,6106,
Puerto Rico,PRI,1995,74.165,11721,
Puerto Rico,PRI,2005,77.356,22286,
Puerto Rico,PRI,2010,78.545,26470,
Puerto Rico,PRI,2014,79.539,27833,
Puerto Rico,PRI,2015,79.75,28076,
Puerto Rico,PRI,2016,79.948,28636,
Qatar,QAT,1985,74.017,16582,
Qatar,QAT,1995,75.678,15660,
Qatar,QAT,2005,76.754,50873,
Qatar,QAT,2010,77.301,69466,
Qatar,QAT,2014,77.888,86853,
Qatar,QAT,2015,78.036,66347,
Qatar,QAT,2016,78.184,59324,
Romania,ROU,1985,69.634,2196,
Romania,ROU,1995,69.526,1640,
Romania,ROU,2005,72.27,4652,
Romania,ROU,2010,74.026,8219,
Romania,ROU,2014,75.122,9988,
Romania,ROU,2015,75.297,8931,
Romania,ROU,2016,75.443,9439,
Rwanda,RWA,1985,50.948,296,
Rwanda,RWA,1995,31.977,208,
Rwanda,RWA,2005,55.43,287,
Rwanda,RWA,2010,63.14,563,
Rwanda,RWA,2014,66.188,707,
Rwanda,RWA,2015,66.696,712,
Rwanda,RWA,2016,67.129,711,
Saint Lucia,LCA,1985,70.521,1970,
Saint Lucia,LCA,1995,71.209,4199,
Saint Lucia,LCA,2005,73.028,5714,
Saint Lucia,LCA,2010,74.465,7210,
Saint Lucia,LCA,2014,75.117,7962,
Saint Lucia,LCA,2015,75.3,8184,
Saint Lucia,LCA,2016,75.496,7848,
Samoa,WSM,1985,62.265,532,
Samoa,WSM,1995,67.389,1151,
Samoa,WSM,2005,71.051,2414,
Samoa,WSM,2010,73.122,3648,
Samoa,WSM,2014,74.504,4286,
Samoa,WSM,2015,74.77,3995,
Samoa,WSM,2016,75.013,4214,
Sao Tome and Principe,STP,1985,60.969,759,
Sao Tome and Principe,STP,1995,62.611,780,
Sao Tome and Principe,STP,2005,64.641,811,
Sao Tome and Principe,STP,2010,65.875,1130,
Sao Tome and Principe,STP,2014,66.361,1824,
Sao Tome and Principe,STP,2015,66.488,1615,
Sao Tome and Principe,STP,2016,66.624,1715,
Saudi Arabia,SAU,1985,66.548,7877,
Saudi Arabia,SAU,1995,70.922,7641,
Saudi Arabia,SAU,2005,73.112,13740,
Saudi Arabia,SAU,2010,73.574,19260,
Saudi Arabia,SAU,2014,74.234,24575,
Saudi Arabia,SAU,2015,74.4,20653,
Saudi Arabia,SAU,2016,74.561,19817,
Senegal,SEN,1985,53.914,433,
Senegal,SEN,1995,57.405,557,
Senegal,SEN,2005,60.541,774,
Senegal,SEN,2010,64.177,1001,
Senegal,SEN,2014,66.376,1050,
Senegal,SEN,2015,66.784,913,
Senegal,SEN,2016,67.146,948,
Seychelles,SYC,1985,70.855,2922,
Seychelles,SYC,1995,70.879,8005,
Seychelles,SYC,2005,72.268,10357,
Seychelles,SYC,2010,72.592,10612,
Seychelles,SYC,2014,73.162,14401,
Seychelles,SYC,2015,73.349,14691,
Seychelles,SYC,2016,73.546,15217,
Sierra Leone,SLE,1985,40.312,362,
Sierra Leone,SLE,1995,35.729,276,
Sierra Leone,SLE,2005,43.624,292,
Sierra Leone,SLE,2010,48.224,399,
Sierra Leone,SLE,2014,50.951,708,
Sierra Leone,SLE,2015,51.423,582,
Sierra Leone,SLE,2016,51.835,497,
Singapore,SGP,1985,73.904,6858,
Singapore,SGP,1995,77.358,25265,
Singapore,SGP,2005,80.23,28372,
Singapore,SGP,2010,81.856,46592,
Singapore,SGP,2014,82.662,56559,
Singapore,SGP,2015,82.849,53626,
Singapore,SGP,2016,83.035,52814,
Slovakia,SVK,1995,72.137,3713,
Slovakia,SVK,2005,74.262,9069,
Slovakia,SVK,2010,75.56,16561,
Slovakia,SVK,2014,76.55,18581,
Slovakia,SVK,2015,76.714,16087,
Slovakia,SVK,2016,76.852,16489,
Slovenia,SVN,1995,74.473,10683,
Slovenia,SVN,2005,77.581,18206,
Slovenia,SVN,2010,79.509,23477,
Slovenia,SVN,2014,80.61,24099,
Slovenia,SVN,2015,80.798,20760,
Slovenia,SVN,2016,80.963,21517,
Solomon Islands,SLB,1985,57.162,591,
Solomon Islands,SLB,1995,59.822,1015,
Solomon Islands,SLB,2005,66.104,914,
Solomon Islands,SLB,2010,68.572,1363,
Solomon Islands,SLB,2014,70.113,1913,
Solomon Islands,SLB,2015,70.43,1804,
Solomon Islands,SLB,2016,70.726,1892,
Somalia,SOM,1985,46.142,119,
Somalia,SOM,1995,47.148,146,
Somalia,SOM,2005,52.344,222,
Somalia,SOM,2010,53.986,89,
Somalia,SOM,2014,55.467,102,
Somalia,SOM,2015,55.876,96,
Somalia,SOM,2016,56.293,92,
South Africa,ZAF,1985,59.668,1768,
South Africa,ZAF,1995,61.226,3741,
South Africa,ZAF,2005,52.567,5280,
South Africa,ZAF,2010,55.888,7276,
South Africa,ZAF,2014,60.993,6433,
South Africa,ZAF,2015,61.981,5741,
South Africa,ZAF,2016,62.774,5274,
South America,,1985,65.288,1701,South America
South America,,1995,68.828,4433,South America
South America,,2005,72.51,4460,South America
South America,,2010,73.88,9716,South America
South America,,2014,74.841,10820,South America
South America,,2015,75.059,8956,South America
South America,,2016,75.272,8504,South America
South Sudan,SSD,2010,53.655,1510,
South Sudan,SSD,2014,55.817,1374,
South Sudan,SSD,2015,56.322,1128,
South Sudan,SSD,2016,56.811,534,
Southern Africa,,1985,59.512,1645,Africa
Southern Africa,,1995,60.693,3518,Africa
Southern Africa,,2005,52.212,5013,Africa
Southern Africa,,2010,55.798,6884,Africa
Southern Africa,,2014,60.784,6188,Africa
Southern Africa,,2015,61.75,5517,Africa
Southern Africa,,2016,62.528,5105,Africa
Southern Asia,,1985,55.9,346,Asia
Southern Asia,,1995,60.846,463,Asia
Southern Asia,,2005,64.977,795,Asia
Southern Asia,,2010,66.953,1480,Asia
Southern Asia,,2014,68.311,1684,Asia
Southern Asia,,2015,68.586,1709,Asia
Southern Asia,,2016,68.84,1797,Asia
Southern Europe,,1985,74.727,5514,Europe
Southern Europe,,1995,76.819,14667,Europe
Southern Europe,,2005,79.402,23983,Europe
Southern Europe,,2010,80.581,27967,Europe
Southern Europe,,2014,81.375,27611,Europe
Southern Europe,,2015,81.557,23736,Europe
Southern Europe,,2016,81.732,24281,Europe
Spain,ESP,1985,76.545,4643,
Spain,ESP,1995,78.167,15366,
Spain,ESP,2005,80.545,26276,
Spain,ESP,2010,81.898,30598,
Spain,ESP,2014,82.802,29597,
Spain,ESP,2015,82.983,25816,
Spain,ESP,2016,83.148,26695,
Sri Lanka,LKA,1985,69.079,425,
Sri Lanka,LKA,1995,69.31,838,
Sri Lanka,LKA,2005,73.896,1431,
Sri Lanka,LKA,2010,74.352,2808,
Sri Lanka,LKA,2014,74.906,3848,
Sri Lanka,LKA,2015,75.088,3892,
Sri Lanka,LKA,2016,75.284,3910,Africa
Sub-Saharan Africa,,1985,48.778,873,Africa
Sub-Saharan Africa,,1995,49.007,662,Africa
Sub-Saharan Africa,,2005,52.326,1026,Africa
Sub-Saharan Africa,,2010,56.162,1540,Africa
Sub-Saharan Africa,,2014,58.727,1831,Africa
Sub-Saharan Africa,,2015,59.252,1594,Africa
Sub-Saharan Africa,,2016,59.729,1451,Africa
Sudan,SDN,2010,62.62,1584,
Sudan,SDN,2014,64.002,1838,
Sudan,SDN,2015,64.257,2058,
Sudan,SDN,2016,64.486,2094,
Suriname,SUR,1985,66.902,3221,
Suriname,SUR,1995,67.722,1903,
Suriname,SUR,2005,68.768,4395,
Suriname,SUR,2010,70.335,8303,
Suriname,SUR,2014,71.138,9565,
Suriname,SUR,2015,71.279,8725,
Suriname,SUR,2016,71.405,5871,
Sweden,SWE,1985,76.781,13462,
Sweden,SWE,1995,78.743,29882,
Sweden,SWE,2005,80.596,43042,
Sweden,SWE,2010,81.486,52009,
Sweden,SWE,2014,82.136,59221,
Sweden,SWE,2015,82.299,50998,
Sweden,SWE,2016,82.462,52297,
Switzerland,CHE,1985,76.676,16692,
Switzerland,CHE,1995,78.537,48817,
Switzerland,CHE,2005,81.163,55153,
Switzerland,CHE,2010,82.27,74538,
Switzerland,CHE,2014,82.968,86174,
Switzerland,CHE,2015,83.139,81648,
Switzerland,CHE,2016,83.308,79609,
Tajikistan,TJK,1995,63.185,211,
Tajikistan,TJK,2005,67.607,337,
Tajikistan,TJK,2010,69.644,738,
Tajikistan,TJK,2014,70.69,1105,
Tajikistan,TJK,2015,70.879,919,
Tajikistan,TJK,2016,71.051,796,
Thailand,THA,1985,67.911,773,
Thailand,THA,1995,70.192,2841,
Thailand,THA,2005,72.149,2894,
Thailand,THA,2010,73.923,5075,
Thailand,THA,2014,74.895,5942,
Thailand,THA,2015,75.103,5815,
Thailand,THA,2016,75.303,5911,
Togo,TGO,1985,54.673,264,
Togo,TGO,1995,54.756,389,
Togo,TGO,2005,54.598,401,
Togo,TGO,2010,57.465,527,
Togo,TGO,2014,59.601,632,
Togo,TGO,2015,59.949,563,
Togo,TGO,2016,60.232,585,
Tonga,TON,1985,68.716,779,
Tonga,TON,1995,70.164,2115,
Tonga,TON,2005,71.504,2589,
Tonga,TON,2010,72.173,3590,
Tonga,TON,2014,72.732,4118,
Tonga,TON,2015,72.88,3778,
Tonga,TON,2016,73.029,3748,
Trinidad and Tobago,TTO,1985,67.523,6299,
Trinidad and Tobago,TTO,1995,68.344,4246,
Trinidad and Tobago,TTO,2005,68.927,12323,
Trinidad and Tobago,TTO,2010,69.756,16658,
Trinidad and Tobago,TTO,2014,70.426,20131,
Trinidad and Tobago,TTO,2015,70.556,19056,
Trinidad and Tobago,TTO,2016,70.673,17646,
Tunisia,TUN,1985,65.834,1261,
Tunisia,TUN,1995,71.496,2172,
Tunisia,TUN,2005,74.2,3194,
Tunisia,TUN,2010,74.793,4140,
Tunisia,TUN,2014,75.335,4272,
Tunisia,TUN,2015,75.525,3815,
Tunisia,TUN,2016,75.731,3657,
Turkey,TUR,1985,61.682,1884,
Turkey,TUR,1995,66.963,3985,
Turkey,TUR,2005,72.481,7384,
Turkey,TUR,2010,74.154,10672,
Turkey,TUR,2014,75.239,12127,
Turkey,TUR,2015,75.498,10985,
Turkey,TUR,2016,75.755,10863,
Turkmenistan,TKM,1995,62.85,520,
Turkmenistan,TKM,2005,65.017,2983,
Turkmenistan,TKM,2010,66.657,4439,
Turkmenistan,TKM,2014,67.552,7962,
Turkmenistan,TKM,2015,67.704,6478,
Turkmenistan,TKM,2016,67.835,6389,
Uganda,UGA,1985,48.104,324,
Uganda,UGA,1995,44.22,348,
Uganda,UGA,2005,52.64,391,
Uganda,UGA,2010,57.153,584,
Uganda,UGA,2014,59.224,720,
Uganda,UGA,2015,59.575,628,
Uganda,UGA,2016,59.889,610,
Ukraine,UKR,1995,67.895,990,
Ukraine,UKR,2005,67.435,1903,
Ukraine,UKR,2010,69.457,2970,
Ukraine,UKR,2014,71.491,2974,
Ukraine,UKR,2015,71.768,2038,
Ukraine,UKR,2016,71.96,2099,
United Arab Emirates,ARE,1985,69.845,29571,
United Arab Emirates,ARE,1995,72.943,27198,
United Arab Emirates,ARE,2005,75.422,39955,
United Arab Emirates,ARE,2010,76.344,35038,
United Arab Emirates,ARE,2014,76.948,44443,
United Arab Emirates,ARE,2015,77.101,39122,
United Arab Emirates,ARE,2016,77.256,37622,
United Kingdom,GBR,1985,74.668,8665,
United Kingdom,GBR,1995,76.695,23031,
United Kingdom,GBR,2005,79.049,41812,
United Kingdom,GBR,2010,80.366,38561,
United Kingdom,GBR,2014,81.234,46494,
United Kingdom,GBR,2015,81.406,44124,
United Kingdom,GBR,2016,81.565,40249,
Uruguay,URY,1985,71.584,1735,
Uruguay,URY,1995,73.613,6609,
Uruguay,URY,2005,75.792,5221,
Uruguay,URY,2010,76.588,11938,
Uruguay,URY,2014,77.19,16738,
Uruguay,URY,2015,77.341,15525,
Uruguay,URY,2016,77.493,15221,
Uzbekistan,UZB,1995,66.396,589,
Uzbekistan,UZB,2005,68.367,543,
Uzbekistan,UZB,2010,70.005,1382,
Uzbekistan,UZB,2014,71.039,2081,
Uzbekistan,UZB,2015,71.192,2176,
Uzbekistan,UZB,2016,71.314,2155,
Vanuatu,VUT,1985,60.916,1020,
Vanuatu,VUT,1995,65.345,1621,
Vanuatu,VUT,2005,69.221,1886,
Vanuatu,VUT,2010,70.721,2966,
Vanuatu,VUT,2014,71.709,3148,
Vanuatu,VUT,2015,71.925,2899,
Vanuatu,VUT,2016,72.133,3097,
Western Africa,,1985,47.339,1325,Africa
Western Africa,,1995,48.118,469,Africa
Western Africa,,2005,50.713,955,Africa
Western Africa,,2010,53.598,1603,Africa
Western Africa,,2014,55.431,2133,Africa
Western Africa,,2015,55.869,1831,Africa
Western Africa,,2016,56.303,1570,Africa
Western Asia,,1985,64.006,2967,Asia
Western Asia,,1995,68.247,3959,Asia
Western Asia,,2005,71.515,7269,Asia
Western Asia,,2010,72.41,10872,Asia
Western Asia,,2014,73.103,13344,Asia
Western Asia,,2015,73.322,11514,Asia
Western Asia,,2016,73.56,11122,Asia
Western Europe,,1985,74.854,9786,Europe
Western Europe,,1995,77.12,30432,Europe
Western Europe,,2005,79.585,36704,Europe
Western Europe,,2010,80.662,44223,Europe
Western Europe,,2014,81.341,48491,Europe
Western Europe,,2015,81.507,41979,Europe
Western Europe,,2016,81.673,42669,Europe
Yemen,YEM,1995,59.275,387,
Yemen,YEM,2005,61.857,925,
Yemen,YEM,2010,63.508,1230,
Yemen,YEM,2014,64.523,1273,
Yemen,YEM,2015,64.743,999,
Yemen,YEM,2016,64.953,920,
Zambia,ZMB,1985,48.661,399,
Zambia,ZMB,1995,43.166,417,
Zambia,ZMB,2005,49.63,691,
Zambia,ZMB,2010,56.588,1463,
Zambia,ZMB,2014,60.775,1738,
Zambia,ZMB,2015,61.397,1319,
Zambia,ZMB,2016,61.874,1270,
Zimbabwe,ZWE,1985,60.999,872,
Zimbabwe,ZWE,1995,50.811,846,
Zimbabwe,ZWE,2005,45.282,481,
Zimbabwe,ZWE,2010,52.975,714,
Zimbabwe,ZWE,2014,59.36,1027,
Zimbabwe,ZWE,2015,60.398,1019,
Zimbabwe,ZWE,2016,61.163,998,