,Entity,Code,Year,current_exp,gdp_per_cap,Continent
0,Afghanistan,AFG,1985,45.566,282,
1,Afghanistan,AFG,1995,53.055,189,
2,Afghanistan,AFG,2005,58.5,264,
3,Afghanistan,AFG,2010,61.226,558,
4,Afghanistan,AFG,2014,62.895,651,
5,Afghanistan,AFG,2015,63.288,611,
6,Afghanistan,AFG,2016,63.673,584,
7,Africa,,1985,51.23,927,Africa
8,Africa,,1995,51.928,800,Africa
9,Africa,,2005,55.167,1213,Africa
10,Africa,,2010,58.678,1859,Africa
11,Africa,,2014,60.988,2145,Africa
12,Africa,,2015,61.457,1918,Africa
13,Africa,,2016,61.883,1752,Africa
14,Albania,ALB,1985,71.388,783,
15,Albania,ALB,1995,72.205,770,
16,Albania,ALB,2005,75.217,2615,
17,Albania,ALB,2010,76.652,4056,
18,Albania,ALB,2014,77.963,4529,
19,Albania,ALB,2015,78.174,3877,
20,Albania,ALB,2016,78.345,4054,
21,Algeria,DZA,1985,64.113,2564,
22,Algeria,DZA,1995,68.115,1452,
23,Algeria,DZA,2005,72.767,3100,
24,Algeria,DZA,2010,74.676,4463,
25,Algeria,DZA,2014,75.641,5466,
26,Algeria,DZA,2015,75.86,4160,
27,Algeria,DZA,2016,76.078,3917,
28,Angola,AGO,1985,41.193,860,
29,Angola,AGO,1995,43.125,466,
30,Angola,AGO,2005,52.833,1891,
31,Angola,AGO,2010,58.192,3586,
32,Angola,AGO,2014,60.858,5413,
33,Angola,AGO,2015,61.241,4133,
34,Angola,AGO,2016,61.547,3711,
35,Antigua and Barbuda,ATG,1985,70.187,3508,
36,Antigua and Barbuda,ATG,1995,72.44,7841,
37,Antigua and Barbuda,ATG,2005,74.544,11372,
38,Antigua and Barbuda,ATG,2010,75.412,12127,
39,Antigua and Barbuda,ATG,2014,76.05,12947,
40,Antigua and Barbuda,ATG,2015,76.207,13659,
41,Antigua and Barbuda,ATG,2016,76.364,14462,
42,Argentina,ARG,1985,70.623,3144,
43,Argentina,ARG,1995,72.719,7993,
44,Argentina,ARG,2005,74.775,5125,
45,Argentina,ARG,2010,75.595,10346,
46,Argentina,ARG,2014,76.252,13193,
47,Argentina,ARG,2015,76.415,14603,
48,Argentina,ARG,2016,76.577,12449,
49,Armenia,ARM,1995,68.938,426,
50,Armenia,ARM,2005,72.625,1753,
51,Armenia,ARM,2010,73.331,3432,
52,Armenia,ARM,2014,74.255,3995,
53,Armenia,ARM,2015,74.445,3618,
54,Armenia,ARM,2016,74.618,3615,
55,Aruba,ABW,1985,73.181,6108,
56,Aruba,ABW,1995,73.622,16442,
57,Aruba,ABW,2005,74.287,23303,
58,Aruba,ABW,2010,75.016,23513,
59,Aruba,ABW,2014,75.582,25528,
60,Aruba,ABW,2015,75.725,25807,
61,Aruba,ABW,2016,75.867,25444,
62,Asia,,1985,62.619,1010,Asia
63,Asia,,1995,65.909,2635,Asia
64,Asia,,2005,69.526,3115,Asia
65,Asia,,2010,71.119,4968,Asia
66,Asia,,2014,72.154,6167,Asia
67,Asia,,2015,72.373,6049,Asia
68,Asia,,2016,72.578,6172,Asia
69,Australia,AUS,1985,75.637,11570,
70,Australia,AUS,1995,78.264,21717,
71,Australia,AUS,2005,80.955,37674,
72,Australia,AUS,2010,81.91,58490,
73,Australia,AUS,2014,82.559,62093,
74,Australia,AUS,2015,82.726,52238,
75,Australia,AUS,2016,82.896,54069,
76,Austria,AUT,1985,74.139,9112,
77,Austria,AUT,1995,76.823,30169,
78,Austria,AUT,2005,79.566,38282,
79,Austria,AUT,2010,80.584,46599,
80,Austria,AUT,2014,81.25,51184,
81,Austria,AUT,2015,81.42,44024,
82,Austria,AUT,2016,81.594,44857,
83,Azerbaijan,AZE,1995,65.256,396,
84,Azerbaijan,AZE,2005,68.75,1551,
85,Azerbaijan,AZE,2010,70.987,5857,
86,Azerbaijan,AZE,2014,71.8,7917,
87,Azerbaijan,AZE,2015,71.921,5519,
88,Azerbaijan,AZE,2016,72.026,3892,
89,Bahamas,BHS,1985,69.663,12271,
90,Bahamas,BHS,1995,71.351,18264,
91,Bahamas,BHS,2005,73.787,29875,
92,Bahamas,BHS,2010,74.761,27979,
93,Bahamas,BHS,2014,75.379,28374,
94,Bahamas,BHS,2015,75.527,29056,
95,Bahamas,BHS,2016,75.675,28785,
96,Bahrain,BHR,1985,71.237,10669,
97,Bahrain,BHR,1995,73.413,12040,
98,Bahrain,BHR,2005,75.326,17959,
99,Bahrain,BHR,2010,76.056,20722,
100,Bahrain,BHR,2014,76.622,24983,
101,Bahrain,BHR,2015,76.761,22689,
102,Bahrain,BHR,2016,76.9,22579,
103,Bangladesh,BGD,1985,55.578,206,
104,Bangladesh,BGD,1995,61.868,319,
105,Bangladesh,BGD,2005,67.937,402,
106,Bangladesh,BGD,2010,70.198,753,
107,Bangladesh,BGD,2014,71.803,1086,
108,Bangladesh,BGD,2015,72.155,1206,
109,Bangladesh,BGD,2016,72.489,1355,
110,Barbados,BRB,1985,70.145,5569,
111,Barbados,BRB,1995,72.481,8585,
112,Barbados,BRB,2005,74.163,14223,
113,Barbados,BRB,2010,74.973,15613,
114,Barbados,BRB,2014,75.603,15574,
115,Barbados,BRB,2015,75.755,15704,
116,Barbados,BRB,2016,75.906,15975,
117,Belarus,BLR,1995,68.273,1416,
118,Belarus,BLR,2005,68.354,3254,
119,Belarus,BLR,2010,70.739,6042,
120,Belarus,BLR,2014,72.505,8309,
121,Belarus,BLR,2015,72.748,5952,
122,Belarus,BLR,2016,72.926,5001,
123,Belgium,BEL,1985,74.598,8746,
124,Belgium,BEL,1995,76.907,28428,
125,Belgium,BEL,2005,78.975,36727,
126,Belgium,BEL,2010,80.072,44205,
127,Belgium,BEL,2014,80.792,47336,
128,Belgium,BEL,2015,80.964,40326,
129,Belgium,BEL,2016,81.134,41199,
130,Belize,BLZ,1985,71.11,1268,
131,Belize,BLZ,1995,69.517,2834,
132,Belize,BLZ,2005,69.023,3933,
133,Belize,BLZ,2010,69.676,4344,
134,Belize,BLZ,2014,70.027,4852,
135,Belize,BLZ,2015,70.192,4850,
136,Belize,BLZ,2016,70.384,4745,
137,Benin,BEN,1985,50.034,264,
138,Benin,BEN,1995,55.203,397,
139,Benin,BEN,2005,57.355,602,
140,Benin,BEN,2010,59.319,758,
141,Benin,BEN,2014,60.373,931,
142,Benin,BEN,2015,60.639,800,
143,Benin,BEN,2016,60.907,818,
144,Bhutan,BTN,1985,49.173,369,
145,Bhutan,BTN,1995,56.657,562,
146,Bhutan,BTN,2005,64.882,1247,
147,Bhutan,BTN,2010,67.79,2179,
148,Bhutan,BTN,2014,69.43,2523,
149,Bhutan,BTN,2015,69.817,2614,
150,Bhutan,BTN,2016,70.197,2774,
151,Bosnia and Herzegovina,BIH,1995,71.643,529,
152,Bosnia and Herzegovina,BIH,2005,75.223,2968,
153,Bosnia and Herzegovina,BIH,2010,75.905,4615,
154,Bosnia and Herzegovina,BIH,2014,76.561,5204,
155,Bosnia and Herzegovina,BIH,2015,76.735,4584,
156,Bosnia and Herzegovina,BIH,2016,76.911,4808,
157,Botswana,BWA,1985,62.556,704,
158,Botswana,BWA,1995,55.53,3015,
159,Botswana,BWA,2005,52.165,5351,
160,Botswana,BWA,2010,59.868,6346,
161,Botswana,BWA,2014,64.78,7494,
162,Botswana,BWA,2015,65.846,6521,
163,Botswana,BWA,2016,66.797,6917,
164,Brazil,BRA,1985,63.514,1381,
165,Brazil,BRA,1995,67.6,4794,
166,Brazil,BRA,2005,72.04,4770,
167,Brazil,BRA,2010,73.838,11224,
168,Brazil,BRA,2014,75.042,12027,
169,Brazil,BRA,2015,75.284,8757,
170,Brazil,BRA,2016,75.509,8649,
171,Bulgaria,BGR,1985,71.347,1837,
172,Bulgaria,BGR,1995,70.928,1723,
173,Bulgaria,BGR,2005,72.67,3857,
174,Bulgaria,BGR,2010,73.716,6835,
175,Bulgaria,BGR,2014,74.473,7855,
176,Bulgaria,BGR,2015,74.618,6994,
177,Bulgaria,BGR,2016,74.749,7465,
178,Burkina Faso,BFA,1985,49.323,203,
179,Burkina Faso,BFA,1995,49.445,238,
180,Burkina Faso,BFA,2005,53.31,407,
181,Burkina Faso,BFA,2010,57.096,575,
182,Burkina Faso,BFA,2014,59.457,704,
183,Burkina Faso,BFA,2015,59.927,575,
184,Burkina Faso,BFA,2016,60.361,627,
185,Burundi,BDI,1985,48.845,249,
186,Burundi,BDI,1995,48.86,168,
187,Burundi,BDI,2005,52.735,150,
188,Burundi,BDI,2010,54.861,232,
189,Burundi,BDI,2014,56.688,274,
190,Burundi,BDI,2015,57.094,276,
191,Burundi,BDI,2016,57.481,273,
192,Cambodia,KHM,1985,50.563,137,
193,Cambodia,KHM,1995,55.189,311,
194,Cambodia,KHM,2005,63.088,474,
195,Cambodia,KHM,2010,66.555,786,
196,Cambodia,KHM,2014,68.251,1099,
197,Cambodia,KHM,2015,68.62,1163,
198,Cambodia,KHM,2016,68.981,1270,
199,Cameroon,CMR,1985,52.698,955,
200,Cameroon,CMR,1995,50.015,716,
201,Cameroon,CMR,2005,52.916,1030,
202,Cameroon,CMR,2010,55.424,1309,
203,Cameroon,CMR,2014,57.111,1571,
204,Cameroon,CMR,2015,57.582,1354,
205,Cameroon,CMR,2016,58.073,1374,
206,Canada,CAN,1985,76.386,14098,
207,Canada,CAN,1995,78.146,20594,
208,Canada,CAN,2005,80.232,36218,
209,Canada,CAN,2010,81.284,47221,
210,Canada,CAN,2014,82.035,50355,
211,Canada,CAN,2015,82.206,43194,
212,Canada,CAN,2016,82.374,42154,
213,Caribbean,,1985,66.196,2223,
214,Caribbean,,1995,68.306,3369,
215,Caribbean,,2005,70.626,5655,
216,Caribbean,,2010,71.902,7086,
217,Caribbean,,2014,72.756,7891,
218,Caribbean,,2015,72.955,8063,
219,Caribbean,,2016,73.15,8139,
220,Central African Republic,CAF,1985,49.823,344,
221,Central African Republic,CAF,1995,46.252,348,
222,Central African Republic,CAF,2005,44.466,342,
223,Central African Republic,CAF,2010,47.56,457,
224,Central African Republic,CAF,2014,50.621,389,
225,Central African Republic,CAF,2015,51.41,359,
226,Central African Republic,CAF,2016,52.171,394,
227,Central America,,1985,67.111,2453,
228,Central America,,1995,71.587,3253,
229,Central America,,2005,74.394,6574,
230,Central America,,2010,75.322,7553,
231,Central America,,2014,76.088,8994,
232,Central America,,2015,76.283,8120,
233,Central America,,2016,76.479,7552,
234,Central Asia,,1995,64.545,729,
235,Central Asia,,2005,66.591,1540,
236,Central Asia,,2010,68.696,3493,
237,Central Asia,,2014,70.073,5106,
238,Central Asia,,2015,70.27,4401,
239,Central Asia,,2016,70.421,3618,
240,Chad,TCD,1985,46.082,194,
241,Chad,TCD,1995,47.431,235,
242,Chad,TCD,2005,48.054,664,
243,Chad,TCD,2010,50.233,824,
244,Chad,TCD,2014,52.204,1082,
245,Chad,TCD,2015,52.575,835,
246,Chad,TCD,2016,52.903,780,
247,Chile,CHL,1985,71.739,1559,
248,Chile,CHL,1995,75.374,5253,
249,Chile,CHL,2005,77.791,7615,
250,Chile,CHL,2010,78.454,12860,
251,Chile,CHL,2014,79.117,14817,
252,Chile,CHL,2015,79.315,13653,
253,Chile,CHL,2016,79.522,13794,
254,China,CHN,1985,68.451,292,
255,China,CHN,1995,70.156,594,
256,China,CHN,2005,73.987,1747,
257,China,CHN,2010,75.236,4461,
258,China,CHN,2014,75.932,7578,
259,China,CHN,2015,76.092,8036,
260,China,CHN,2016,76.252,7993,
261,Colombia,COL,1985,67.588,1590,
262,Colombia,COL,1995,69.428,2946,
263,Colombia,COL,2005,72.303,3386,
264,Colombia,COL,2010,73.325,6251,
265,Colombia,COL,2014,74.022,7913,
266,Colombia,COL,2015,74.2,6045,
267,Colombia,COL,2016,74.381,5806,
268,Comoros,COM,1985,53.843,675,
269,Comoros,COM,1995,58.722,1016,
270,Comoros,COM,2005,60.126,1287,
271,Comoros,COM,2010,61.862,1549,
272,Comoros,COM,2014,63.216,1728,
273,Comoros,COM,2015,63.473,1421,
274,Comoros,COM,2016,63.701,1445,
275,Congo,COG,1985,56.877,1016,
276,Congo,COG,1995,53.247,756,
277,Congo,COG,2005,54.687,1637,
278,Congo,COG,2010,60.473,2800,
279,Congo,COG,2014,63.536,2890,
280,Congo,COG,2015,64.112,1700,
281,Congo,COG,2016,64.625,1517,
282,Costa Rica,CRI,1985,74.401,1827,
283,Costa Rica,CRI,1995,76.571,3278,
284,Costa Rica,CRI,2005,78.114,4697,
285,Costa Rica,CRI,2010,78.756,8199,
286,Costa Rica,CRI,2014,79.44,10647,
287,Costa Rica,CRI,2015,79.634,11406,
288,Costa Rica,CRI,2016,79.831,11825,
289,Croatia,HRV,1995,73.727,4849,
290,Croatia,HRV,2005,75.476,10374,
291,Croatia,HRV,2010,76.594,13823,
292,Croatia,HRV,2014,77.309,13536,
293,Croatia,HRV,2015,77.476,11668,
294,Croatia,HRV,2016,77.642,12159,
295,Cuba,CUB,1985,74.519,2273,
296,Cuba,CUB,1995,75.415,2790,
297,Cuba,CUB,2005,77.95,3779,
298,Cuba,CUB,2010,78.959,5676,
299,Cuba,CUB,2014,79.415,7050,
300,Cuba,CUB,2015,79.57,7609,
301,Cuba,CUB,2016,79.742,7815,
302,Cyprus,CYP,1985,75.718,5011,
303,Cyprus,CYP,1995,77.312,15265,
304,Cyprus,CYP,2005,78.631,25311,
305,Cyprus,CYP,2010,79.43,30817,
306,Cyprus,CYP,2014,80.173,27400,
307,Cyprus,CYP,2015,80.344,23231,
308,Cyprus,CYP,2016,80.508,23631,
309,Denmark,DNK,1985,74.573,12252,
310,Denmark,DNK,1995,75.629,35356,
311,Denmark,DNK,2005,77.936,48779,
312,Denmark,DNK,2010,79.399,57967,
313,Denmark,DNK,2014,80.412,62323,
314,Denmark,DNK,2015,80.587,52964,
315,Denmark,DNK,2016,80.739,53730,
316,Djibouti,DJI,1985,55.488,868,
317,Djibouti,DJI,1995,57.065,808,
318,Djibouti,DJI,2005,57.999,905,
319,Djibouti,DJI,2010,60.383,1254,
320,Djibouti,DJI,2014,62.006,1742,
321,Djibouti,DJI,2015,62.26,1873,
322,Djibouti,DJI,2016,62.465,2007,
323,Dominican Republic,DOM,1985,65.207,866,
324,Dominican Republic,DOM,1995,69.637,1995,
325,Dominican Republic,DOM,2005,71.644,3844,
326,Dominican Republic,DOM,2010,72.702,5368,
327,Dominican Republic,DOM,2014,73.483,6269,
328,Dominican Republic,DOM,2015,73.673,6468,
329,Dominican Republic,DOM,2016,73.861,6722,
351,Ecuador,ECU,1985,66.126,1895,
352,Ecuador,ECU,1995,71.217,2135,
353,Ecuador,ECU,2005,74.136,3022,
354,Ecuador,ECU,2010,75.046,4657,
355,Ecuador,ECU,2014,75.879,6432,
356,Ecuador,ECU,2015,76.102,6205,
357,Ecuador,ECU,2016,76.327,5982,
358,Egypt,EGY,1985,61.812,474,
359,Egypt,EGY,1995,66.789,1032,
360,Egypt,EGY,2005,69.444,1230,
361,Egypt,EGY,2010,70.357,2552,
362,Egypt,EGY,2014,71.12,3235,
363,Egypt,EGY,2015,71.304,3388,
364,Egypt,EGY,2016,71.484,2823,
365,El Salvador,SLV,1985,59.082,1164,
366,El Salvador,SLV,1995,67.27,1693,
367,El Salvador,SLV,2005,70.357,2835,
368,El Salvador,SLV,2010,71.902,3474,
369,El Salvador,SLV,2014,73.015,3989,
370,El Salvador,SLV,2015,73.267,4127,
371,El Salvador,SLV,2016,73.512,4224,
372,Equatorial Guinea,GNQ,1985,46.469,246,
373,Equatorial Guinea,GNQ,1995,50.588,427,
374,Equatorial Guinea,GNQ,2005,54.262,11250,
375,Equatorial Guinea,GNQ,2010,55.908,17136,
376,Equatorial Guinea,GNQ,2014,57.18,19246,
377,Equatorial Guinea,GNQ,2015,57.434,10717,
378,Equatorial Guinea,GNQ,2016,57.681,8742,
379,Eritrea,ERI,1995,52.311,207,
380,Eritrea,ERI,2005,58.691,277,
381,Eritrea,ERI,2010,62.181,482,
382,Eritrea,ERI,2014,64.174,854,
383,Eritrea,ERI,2015,64.636,987,
384,Eritrea,ERI,2016,65.092,1093,
385,Estonia,EST,1995,68.66,3086,
386,Estonia,EST,2005,72.622,10330,
387,Estonia,EST,2010,75.367,14640,
388,Estonia,EST,2014,77.141,19892,
389,Estonia,EST,2015,77.383,17157,
390,Estonia,EST,2016,77.562,17782,
391,Ethiopia,ETH,1995,49.305,132,
392,Ethiopia,ETH,2005,56.221,159,
393,Ethiopia,ETH,2010,61.625,300,
394,Ethiopia,ETH,2014,64.535,556,
395,Ethiopia,ETH,2015,65.037,632,
396,Ethiopia,ETH,2016,65.475,687,
397,Europe,,1985,72.293,5732,Europe
398,Europe,,1995,72.819,14556,Europe
399,Europe,,2005,74.454,21996,Europe
400,Europe,,2010,76.291,26824,Europe
401,Europe,,2014,77.52,29887,Europe
402,Europe,,2015,77.728,25659,Europe
403,Europe,,2016,77.904,25596,Europe
404,Fiji,FJI,1985,64.329,1605,
405,Fiji,FJI,1995,66.575,2570,
406,Fiji,FJI,2005,68.405,3627,
407,Fiji,FJI,2010,69.267,3652,
408,Fiji,FJI,2014,69.96,5062,
409,Fiji,FJI,2015,70.117,4890,
410,Fiji,FJI,2016,70.269,5197,
411,Finland,FIN,1985,74.6,11385,
412,Finland,FIN,1995,76.472,26215,
413,Finland,FIN,2005,78.978,38873,
414,Finland,FIN,2010,80.138,46181,
415,Finland,FIN,2014,80.967,49931,
416,Finland,FIN,2015,81.148,42401,
417,Finland,FIN,2016,81.323,43339,
418,France,FRA,1985,75.269,9773,
419,France,FRA,1995,77.747,26853,
420,France,FRA,2005,80.13,34843,
421,France,FRA,2010,81.387,40629,
422,France,FRA,2014,82.185,42924,
423,France,FRA,2015,82.369,36504,
424,France,FRA,2016,82.546,36826,
425,French Polynesia,PYF,1985,67.267,9795,
426,French Polynesia,PYF,1995,70.43,20542,
427,French Polynesia,PYF,2005,74.132,22374,
428,French Polynesia,PYF,2010,75.643,22704,
429,French Polynesia,PYF,2014,76.444,22399,
430,French Polynesia,PYF,2015,76.628,19026,
431,French Polynesia,PYF,2016,76.813,19335,
432,Gabon,GAB,1985,59.162,5589,
433,Gabon,GAB,1995,60.619,5081,
434,Gabon,GAB,2005,59.89,6827,
435,Gabon,GAB,2010,62.893,7854,
436,Gabon,GAB,2014,65.211,9283,
437,Gabon,GAB,2015,65.685,7077,
438,Gabon,GAB,2016,66.105,7002,
439,Gambia,GMB,1985,49.958,894,
440,Gambia,GMB,1995,53.844,737,
441,Gambia,GMB,2005,57.914,432,
442,Gambia,GMB,2010,59.622,563,
443,Gambia,GMB,2014,60.707,443,
444,Gambia,GMB,2015,60.954,475,
445,Gambia,GMB,2016,61.193,484,
446,Georgia,GEO,1995,70.462,539,
447,Georgia,GEO,2005,72.73,1429,
448,Georgia,GEO,2010,72.649,2750,
449,Georgia,GEO,2014,72.951,4135,
450,Georgia,GEO,2015,73.096,3541,
451,Georgia,GEO,2016,73.261,3651,
452,Germany,DEU,1985,74.347,9390,
453,Germany,DEU,1995,76.623,31898,
454,Germany,DEU,2005,79.223,35035,
455,Germany,DEU,2010,80.113,42241,
456,Germany,DEU,2014,80.691,47744,
457,Germany,DEU,2015,80.848,41313,
458,Germany,DEU,2016,81.011,42456,
459,Ghana,GHA,1985,54.111,519,
460,Ghana,GHA,1995,57.507,618,
461,Ghana,GHA,2005,58.666,798,
462,Ghana,GHA,2010,60.924,1313,
463,Ghana,GHA,2014,62.154,1450,
464,Ghana,GHA,2015,62.448,1354,
465,Ghana,GHA,2016,62.742,1517,
466,Greece,GRC,1985,75.086,4794,
467,Greece,GRC,1995,77.776,12687,
468,Greece,GRC,2005,79.597,21925,
469,Greece,GRC,2010,80.312,26154,
470,Greece,GRC,2014,80.874,21042,
471,Greece,GRC,2015,81.044,17431,
472,Greece,GRC,2016,81.224,17230,
473,Grenada,GRD,1985,67.66,1359,
474,Grenada,GRD,1995,69.402,2775,
475,Grenada,GRD,2005,71.438,6755,
476,Grenada,GRD,2010,72.618,7366,
477,Grenada,GRD,2014,73.388,8571,
478,Grenada,GRD,2015,73.531,9212,
479,Grenada,GRD,2016,73.659,9469,
480,Guatemala,GTM,1985,59.661,1210,
481,Guatemala,GTM,1995,65.09,1255,
482,Guatemala,GTM,2005,69.763,2078,
483,Guatemala,GTM,2010,71.494,2825,
484,Guatemala,GTM,2014,72.869,3688,
485,Guatemala,GTM,2015,73.15,3924,
486,Guatemala,GTM,2016,73.409,4147,
487,Guinea,GIN,1985,45.482,560,
488,Guinea,GIN,1995,51.717,668,
489,Guinea,GIN,2005,53.17,420,
490,Guinea,GIN,2010,56.765,635,
491,Guinea,GIN,2014,58.846,744,
492,Guinea,GIN,2015,59.419,725,
493,Guinea,GIN,2016,60.015,684,
494,Guinea-Bissau,GNB,1985,47.414,462,
495,Guinea-Bissau,GNB,1995,50.969,703,
496,Guinea-Bissau,GNB,2005,53.357,425,
497,Guinea-Bissau,GNB,2010,55.05,546,
498,Guinea-Bissau,GNB,2014,56.598,595,
499,Guinea-Bissau,GNB,2015,57,573,
500,Guinea-Bissau,GNB,2016,57.403,618,
501,Guyana,GUY,1985,62.801,956,
502,Guyana,GUY,1995,64.122,1302,
503,Guyana,GUY,2005,65.538,1752,
504,Guyana,GUY,2010,66.022,3026,
505,Guyana,GUY,2014,66.425,4031,
506,Guyana,GUY,2015,66.536,4137,
507,Guyana,GUY,2016,66.65,4444,
508,Haiti,HTI,1985,52.68,417,
509,Haiti,HTI,1995,56.316,345,
510,Haiti,HTI,2005,59.219,448,
511,Haiti,HTI,2010,61.296,671,
512,Haiti,HTI,2014,62.757,819,
513,Haiti,HTI,2015,63.055,780,
514,Haiti,HTI,2016,63.33,705,
515,Honduras,HND,1985,63.643,1014,
516,Honduras,HND,1995,68.898,828,
517,Honduras,HND,2005,71.532,1323,
518,Honduras,HND,2010,72.446,1933,
519,Honduras,HND,2014,73.181,2243,
520,Honduras,HND,2015,73.376,2326,
521,Honduras,HND,2016,73.575,2361,
522,Hungary,HUN,1985,69.212,2237,
523,Hungary,HUN,1995,70.018,4486,
524,Hungary,HUN,2005,73.138,11207,
525,Hungary,HUN,2010,74.609,13187,
526,Hungary,HUN,2014,75.646,14278,
527,Hungary,HUN,2015,75.81,12559,
528,Hungary,HUN,2016,75.944,12900,
529,Iceland,ISL,1985,77.206,12453,
530,Iceland,ISL,1995,78.762,26835,
531,Iceland,ISL,2005,81.099,56585,
532,Iceland,ISL,2010,81.785,41553,
533,Iceland,ISL,2014,82.425,52643,
534,Iceland,ISL,2015,82.587,51242,
535,Iceland,ISL,2016,82.749,60966,
536,India,IND,1985,55.83,281,
537,India,IND,1995,60.408,373,
538,India,IND,2005,64.556,710,
539,India,IND,2010,66.625,1341,
540,India,IND,2014,68.021,1576,
541,India,IND,2015,68.302,1629,
542,India,IND,2016,68.56,1706,
543,Indonesia,IDN,1985,61.555,617,
544,Indonesia,IDN,1995,65.032,1195,
545,Indonesia,IDN,2005,67.191,1343,
546,Indonesia,IDN,2010,68.15,3113,
547,Indonesia,IDN,2014,68.856,3492,
548,Indonesia,IDN,2015,69.025,3336,
549,Indonesia,IDN,2016,69.191,3570,
550,Iraq,IRQ,1985,61.236,775,
551,Iraq,IRQ,1995,68.489,172,
552,Iraq,IRQ,2005,68.35,1343,
553,Iraq,IRQ,2010,68.465,3808,
554,Iraq,IRQ,2014,69.458,5691,
555,Iraq,IRQ,2015,69.672,4642,
556,Iraq,IRQ,2016,69.862,4301,
557,Ireland,IRL,1985,73.704,5974,
558,Ireland,IRL,1995,75.64,18958,
559,Ireland,IRL,2005,78.801,50237,
560,Ireland,IRL,2010,80.34,47969,
561,Ireland,IRL,2014,81.134,55075,
562,Ireland,IRL,2015,81.307,61832,
563,Ireland,IRL,2016,81.476,64497,
564,Israel,ISR,1985,75.269,6717,
565,Israel,ISR,1995,77.758,18813,
566,Israel,ISR,2005,80.269,21576,
567,Israel,ISR,2010,81.462,31459,
568,Israel,ISR,2014,82.169,38837,
569,Israel,ISR,2015,82.335,37088,
570,Israel,ISR,2016,82.5,38788,
571,Italy,ITA,1985,75.644,7905,
572,Italy,ITA,1995,78.106,20449,
573,Italy,ITA,2005,80.937,31503,
574,Italy,ITA,2010,81.945,35578,
575,Italy,ITA,2014,82.63,36112,
576,Italy,ITA,2015,82.809,30794,
577,Italy,ITA,2016,82.99,31279,
578,Jamaica,JAM,1985,72.175,1114,
579,Jamaica,JAM,1995,71.99,2592,
580,Jamaica,JAM,2005,73.446,4097,
581,Jamaica,JAM,2010,74.883,4692,
582,Jamaica,JAM,2014,75.689,4856,
583,Jamaica,JAM,2015,75.836,4940,
584,Jamaica,JAM,2016,75.97,4879,
585,Japan,JPN,1985,77.827,11491,
586,Japan,JPN,1995,79.935,43118,
587,Japan,JPN,2005,82.275,37054,
588,Japan,JPN,2010,82.974,44341,
589,Japan,JPN,2014,83.484,37833,
590,Japan,JPN,2015,83.622,34224,
591,Japan,JPN,2016,83.764,38640,
592,Jordan,JOR,1985,68.283,1768,
593,Jordan,JOR,1995,70.885,1472,
594,Jordan,JOR,2005,72.594,2203,
595,Jordan,JOR,2010,73.412,3679,
596,Jordan,JOR,2014,74.034,4067,
597,Jordan,JOR,2015,74.182,4096,
598,Jordan,JOR,2016,74.329,4088,
599,Kazakhstan,KAZ,1995,63.936,1282,
600,Kazakhstan,KAZ,2005,65.22,3676,
601,Kazakhstan,KAZ,2010,67.613,9028,
602,Kazakhstan,KAZ,2014,69.439,12661,
603,Kazakhstan,KAZ,2015,69.692,10388,
604,Kazakhstan,KAZ,2016,69.877,7505,
605,Kenya,KEN,1985,59.082,464,
606,Kenya,KEN,1995,53.911,491,
607,Kenya,KEN,2005,55.819,597,
608,Kenya,KEN,2010,62.936,967,
609,Kenya,KEN,2014,66.242,1335,
610,Kenya,KEN,2015,66.695,1350,
611,Kenya,KEN,2016,67.032,1455,
612,Kiribati,KIR,1985,58.101,468,
613,Kiribati,KIR,1995,62.526,720,
614,Kiribati,KIR,2005,64.859,1215,
615,Kiribati,KIR,2010,65.354,1493,
616,Kiribati,KIR,2014,65.949,1611,
617,Kiribati,KIR,2015,66.13,1487,
618,Kiribati,KIR,2016,66.317,1518,
619,Kuwait,KWT,1985,71.021,12333,
620,Kuwait,KWT,1995,72.722,16487,
621,Kuwait,KWT,2005,73.505,35490,
622,Kuwait,KWT,2010,73.979,38497,
623,Kuwait,KWT,2014,74.458,43003,
624,Kuwait,KWT,2015,74.577,28980,
625,Kuwait,KWT,2016,74.694,27229,
626,Kyrgyzstan,KGZ,1995,66.036,327,
627,Kyrgyzstan,KGZ,2005,67.047,485,
628,Kyrgyzstan,KGZ,2010,68.86,884,
629,Kyrgyzstan,KGZ,2014,70.578,1293,
630,Kyrgyzstan,KGZ,2015,70.801,1139,
631,Kyrgyzstan,KGZ,2016,70.953,1100,
632,Latvia,LVA,1995,67.828,2155,
633,Latvia,LVA,2005,71.13,7514,
634,Latvia,LVA,2010,72.738,11216,
635,Latvia,LVA,2014,74.218,15584,
636,Latvia,LVA,2015,74.431,13554,
637,Latvia,LVA,2016,74.589,13993,
638,Lebanon,LBN,1985,68.904,850,
639,Lebanon,LBN,1995,72.071,3793,
640,Lebanon,LBN,2005,76.786,5390,
641,Lebanon,LBN,2010,78.43,8858,
642,Lebanon,LBN,2014,79.231,8537,
643,Lebanon,LBN,2015,79.409,8452,
644,Lebanon,LBN,2016,79.584,8400,
645,Lesotho,LSO,1985,56.395,202,
646,Lesotho,LSO,1995,56.902,542,
647,Lesotho,LSO,2005,46.521,800,
648,Lesotho,LSO,2010,50.826,1173,
649,Lesotho,LSO,2014,53.268,1175,
650,Lesotho,LSO,2015,53.745,1074,
651,Lesotho,LSO,2016,54.174,1017,
652,Liberia,LBR,1985,47.298,491,
653,Liberia,LBR,1995,50.163,101,
654,Liberia,LBR,2005,55.052,217,
655,Liberia,LBR,2010,59.631,327,
656,Liberia,LBR,2014,61.527,468,
657,Liberia,LBR,2015,62.007,593,
658,Liberia,LBR,2016,62.505,598,
659,Libya,LBY,1985,66.644,7715,
660,Libya,LBY,1995,69.85,5717,
661,Libya,LBY,2005,71.362,7846,
662,Libya,LBY,2010,71.643,13121,
663,Libya,LBY,2014,71.659,4960,
664,Libya,LBY,2015,71.776,5993,
665,Libya,LBY,2016,71.934,6826,
666,Lithuania,LTU,1995,69.768,1848,
667,Lithuania,LTU,2005,71.695,7817,
668,Lithuania,LTU,2010,72.891,11886,
669,Lithuania,LTU,2014,74.273,16394,
670,Lithuania,LTU,2015,74.481,14157,
671,Lithuania,LTU,2016,74.637,14707,
672,Luxembourg,LUX,1985,73.702,12915,
673,Luxembourg,LUX,1995,76.373,52894,
674,Luxembourg,LUX,2005,78.888,81571,
675,Luxembourg,LUX,2010,80.351,104772,
676,Luxembourg,LUX,2014,81.436,119226,
677,Luxembourg,LUX,2015,81.63,101959,
678,Luxembourg,LUX,2016,81.798,101835,
679,Madagascar,MDG,1985,49.694,277,
680,Madagascar,MDG,1995,54.616,276,
681,Madagascar,MDG,2005,61.212,324,
682,Madagascar,MDG,2010,63.388,492,
683,Madagascar,MDG,2014,65.133,503,
684,Madagascar,MDG,2015,65.539,471,
685,Madagascar,MDG,2016,65.932,451,
686,Malawi,MWI,1985,46.055,281,
687,Malawi,MWI,1995,46.585,250,
688,Malawi,MWI,2005,49.846,280,
689,Malawi,MWI,2010,57.263,459,
690,Malawi,MWI,2014,61.932,349,
691,Malawi,MWI,2015,62.661,366,
692,Malawi,MWI,2016,63.223,294,
693,Malaysia,MYS,1985,69.482,2000,
694,Malaysia,MYS,1995,71.813,4334,
695,Malaysia,MYS,2005,73.463,5594,
696,Malaysia,MYS,2010,74.21,9071,
697,Malaysia,MYS,2014,74.976,11184,
698,Malaysia,MYS,2015,75.143,9644,
699,Malaysia,MYS,2016,75.3,9508,
700,Maldives,MDV,1985,57.437,875,
701,Maldives,MDV,1995,65.568,2229,
702,Maldives,MDV,2005,74.151,3649,
703,Maldives,MDV,2010,76.112,7100,
704,Maldives,MDV,2014,76.783,9057,
705,Maldives,MDV,2015,77.042,9576,
706,Maldives,MDV,2016,77.339,9875,
707,Mali,MLI,1985,43.17,161,
708,Mali,MLI,1995,46.573,295,
709,Mali,MLI,2005,52.057,488,
710,Mali,MLI,2010,55.249,708,
711,Mali,MLI,2014,57.007,848,
712,Mali,MLI,2015,57.478,746,
713,Mali,MLI,2016,57.966,778,
714,Malta,MLT,1985,74.932,3311,
715,Malta,MLT,1995,77.039,9722,
716,Malta,MLT,2005,78.948,15716,
717,Malta,MLT,2010,79.85,21005,
718,Malta,MLT,2014,80.531,26358,
719,Malta,MLT,2015,80.694,24054,
720,Malta,MLT,2016,80.854,25616,
721,Mauritania,MRT,1985,56.912,613,
722,Mauritania,MRT,1995,59.419,722,
723,Mauritania,MRT,2005,60.729,698,
724,Mauritania,MRT,2010,61.997,1202,
725,Mauritania,MRT,2014,62.907,1319,
726,Mauritania,MRT,2015,63.082,1144,
727,Mauritania,MRT,2016,63.238,1085,
728,Mauritius,MUS,1985,68.381,1134,
729,Mauritius,MUS,1995,70.339,3786,
730,Mauritius,MUS,2005,72.446,5544,
731,Mauritius,MUS,2010,73.45,8016,
732,Mauritius,MUS,2014,74.395,10184,
733,Mauritius,MUS,2015,74.569,9275,
734,Mauritius,MUS,2016,74.72,9679,
735,Melanesia,OWID_MNS,1985,58.92,1179,
736,Melanesia,OWID_MNS,1995,61.492,2118,
737,Melanesia,OWID_MNS,2005,64.483,2156,
738,Melanesia,OWID_MNS,2010,65.716,3130,
739,Melanesia,OWID_MNS,2014,66.383,4011,
740,Melanesia,OWID_MNS,2015,66.545,3693,
741,Melanesia,OWID_MNS,2016,66.708,3534,
742,Mexico,MEX,1985,68.81,2839,
743,Mexico,MEX,1995,72.796,3829,
744,Mexico,MEX,2005,75.347,8089,
745,Mexico,MEX,2010,76.096,9016,
746,Mexico,MEX,2014,76.753,10581,
747,Mexico,MEX,2015,76.933,9291,
748,Mexico,MEX,2016,77.118,8444,
749,Middle Africa,,1985,47.593,569,Africa
750,Middle Africa,,1995,48.149,427,Africa
751,Middle Africa,,2005,52.569,887,Africa
752,Middle Africa,,2010,56.036,1408,Africa
753,Middle Africa,,2014,58.135,1923,Africa
754,Middle Africa,,2015,58.577,1511,Africa
755,Middle Africa,,2016,58.997,1420,Africa
756,Mongolia,MNG,1985,58.392,634,
757,Mongolia,MNG,1995,61.211,730,
758,Mongolia,MNG,2005,65.104,1158,
759,Mongolia,MNG,2010,67.383,2650,
760,Mongolia,MNG,2014,68.847,4182,
761,Mongolia,MNG,2015,69.087,3947,
762,Mongolia,MNG,2016,69.287,3686,
763,Montenegro,MNE,1995,74.1,1958,
764,Montenegro,MNE,2005,73.62,3697,
765,Montenegro,MNE,2010,75.28,6628,
766,Montenegro,MNE,2014,76.712,7309,
767,Montenegro,MNE,2015,76.938,6400,
768,Montenegro,MNE,2016,77.116,6958,
769,Morocco,MAR,1985,61.469,670,
770,Morocco,MAR,1995,66.848,1430,
771,Morocco,MAR,2005,71.456,2049,
772,Morocco,MAR,2010,73.999,2876,
773,Morocco,MAR,2014,75.309,3208,
774,Morocco,MAR,2015,75.573,2907,
775,Morocco,MAR,2016,75.821,2937,
776,Mozambique,MOZ,1985,41.705,443,
777,Mozambique,MOZ,1995,45.491,163,
778,Mozambique,MOZ,2005,51.362,369,
779,Mozambique,MOZ,2010,54.7,419,
780,Mozambique,MOZ,2014,57.099,623,
781,Mozambique,MOZ,2015,57.714,528,
782,Mozambique,MOZ,2016,58.311,379,
783,Myanmar,MMR,1985,56.904,177,
784,Myanmar,MMR,1995,60.463,180,
785,Myanmar,MMR,2005,63.597,246,
786,Myanmar,MMR,2010,65.178,826,
787,Myanmar,MMR,2014,66.285,1277,
788,Myanmar,MMR,2015,66.464,1193,
789,Myanmar,MMR,2016,66.612,1242,
790,Namibia,NAM,1985,59.584,1399,
791,Namibia,NAM,1995,60.192,2382,
792,Namibia,NAM,2005,53.563,3504,
793,Namibia,NAM,2010,58.189,5192,
794,Namibia,NAM,2014,62.981,5393,
795,Namibia,NAM,2015,63.782,4770,
796,Namibia,NAM,2016,64.388,4415,
797,Nepal,NPL,1985,50.162,164,
798,Nepal,NPL,1995,58.529,212,
799,Nepal,NPL,2005,65.537,322,
800,Nepal,NPL,2010,67.914,602,
801,Nepal,NPL,2014,69.511,697,
802,Nepal,NPL,2015,69.887,726,
803,Nepal,NPL,2016,70.253,722,
804,Netherlands,NLD,1985,76.462,9784,
805,Netherlands,NLD,1995,77.528,28867,
806,Netherlands,NLD,2005,79.401,41456,
807,Netherlands,NLD,2010,80.797,50135,
808,Netherlands,NLD,2014,81.555,52082,
809,Netherlands,NLD,2015,81.71,44750,
810,Netherlands,NLD,2016,81.859,45753,
811,New Caledonia,NCL,1985,69.013,5480,
812,New Caledonia,NCL,1995,72.164,19024,
813,New Caledonia,NCL,2005,74.625,26801,
814,New Caledonia,NCL,2010,75.721,37266,
815,New Caledonia,NCL,2014,76.561,39411,
816,New Caledonia,NCL,2015,76.759,34094,
817,New Caledonia,NCL,2016,76.954,34641,
818,New Zealand,NZL,1985,74.055,7376,
819,New Zealand,NZL,1995,76.989,17184,
820,New Zealand,NZL,2005,79.734,27742,
821,New Zealand,NZL,2010,80.857,33543,
822,New Zealand,NZL,2014,81.57,44004,
823,New Zealand,NZL,2015,81.729,38492,
824,New Zealand,NZL,2016,81.885,40233,
825,Nicaragua,NIC,1985,60.67,972,
826,Nicaragua,NIC,1995,67.411,893,
827,Nicaragua,NIC,2005,71.935,1171,
828,Nicaragua,NIC,2010,73.699,1526,
829,Nicaragua,NIC,2014,74.884,1975,
830,Nicaragua,NIC,2015,75.149,2096,
831,Nicaragua,NIC,2016,75.404,2151,
832,Niger,NER,1985,41.24,221,
833,Niger,NER,1995,46.659,188,
834,Niger,NER,2005,53.127,247,
835,Niger,NER,2010,56.838,348,
836,Niger,NER,2014,59.228,430,
837,Niger,NER,2015,59.667,363,
838,Niger,NER,2016,60.058,364,
839,Nigeria,NGA,1985,46.125,2139,
840,Nigeria,NGA,1995,45.852,454,
841,Nigeria,NGA,2005,48.246,1299,
842,Nigeria,NGA,2010,50.847,2327,
843,Nigeria,NGA,2014,52.549,3222,
844,Nigeria,NGA,2015,52.985,2730,
845,Nigeria,NGA,2016,53.428,2176,
846,Northern Africa,,1985,61.447,1103,Africa
847,Northern Africa,,1995,65.496,1270,Africa
848,Northern Africa,,2005,68.779,1908,Africa
849,Northern Africa,,2010,70.399,3182,Africa
850,Northern Africa,,2014,71.43,3488,Africa
851,Northern Africa,,2015,71.65,3316,Africa
852,Northern Africa,,2016,71.858,3060,Africa
853,Northern America,,1985,74.826,17665,Northern America
854,Northern America,,1995,76.27,28030,Northern America
855,Northern America,,2005,77.914,43566,Northern America
856,Northern America,,2010,78.811,48365,Northern America
857,Northern America,,2014,79.395,54404,Northern America
858,Northern America,,2015,79.542,55286,Northern America
859,Northern America,,2016,79.692,56228,Northern America
860,Northern Europe,,1985,74.501,9782,Europe
861,Northern Europe,,1995,76.119,23258,Europe
862,Northern Europe,,2005,78.54,41341,Europe
863,Northern Europe,,2010,79.876,42431,Europe
864,Northern Europe,,2014,80.811,49894,Europe
865,Northern Europe,,2015,80.994,45744,Europe
866,Northern Europe,,2016,81.162,43520,Europe
867,Norway,NOR,1985,76.121,15751,
868,Norway,NOR,1995,77.783,34813,
869,Norway,NOR,2005,79.971,66645,
870,Norway,NOR,2010,81.14,87831,
871,Norway,NOR,2014,81.856,97142,
872,Norway,NOR,2015,82.016,74361,
873,Norway,NOR,2016,82.173,70617,
874,Oceania,,1985,70.943,8664,Oceania
875,Oceania,,1995,73.634,16420,Oceania
876,Oceania,,2005,76.383,27109,Oceania
877,Oceania,,2010,77.513,40627,Oceania
878,Oceania,,2014,78.191,44112,Oceania
879,Oceania,,2015,78.356,37329,Oceania
880,Oceania,,2016,78.523,38561,Oceania
881,Oman,OMN,1985,63.915,6861,
882,Oman,OMN,1995,69.771,6193,
883,Oman,OMN,2005,74.231,12377,
884,Oman,OMN,2010,75.694,19281,
885,Oman,OMN,2014,76.578,20458,
886,Oman,OMN,2015,76.801,16627,
887,Oman,OMN,2016,77.029,14277,
888,Pakistan,PAK,1985,58.545,421,
889,Pakistan,PAK,1995,61.436,629,
890,Pakistan,PAK,2005,63.836,765,
891,Pakistan,PAK,2010,65.134,1023,
892,Pakistan,PAK,2014,66.139,1342,
893,Pakistan,PAK,2015,66.322,1413,
894,Pakistan,PAK,2016,66.481,1462,
895,Panama,PAN,1985,71.734,2580,Oceania
896,Panama,PAN,1995,74.09,3300,Oceania
897,Panama,PAN,2005,75.947,4643,Oceania
898,Panama,PAN,2010,76.828,7937,Oceania
899,Panama,PAN,2014,77.61,12594,Oceania
900,Panama,PAN,2015,77.806,13134,Oceania
901,Panama,PAN,2016,78.001,13680,Oceania
902,Papua New Guinea,PNG,1985,57.732,970,
903,Papua New Guinea,PNG,1995,60.418,1486,
904,Papua New Guinea,PNG,2005,63.433,1158,
905,Papua New Guinea,PNG,2010,64.634,1998,
906,Papua New Guinea,PNG,2014,65.23,2863,
907,Papua New Guinea,PNG,2015,65.384,2691,
908,Papua New Guinea,PNG,2016,65.544,2436,
909,Paraguay,PRY,1985,67.304,1094,
910,Paraguay,PRY,1995,68.911,1694,
911,Paraguay,PRY,2005,71.281,1507,
912,Paraguay,PRY,2010,72.285,3228,
913,Paraguay,PRY,2014,72.913,4713,
914,Paraguay,PRY,2015,73.023,4109,
915,Paraguay,PRY,2016,73.12,4039,
916,Peru,PER,1985,62.962,743,
917,Peru,PER,1995,68.026,2220,
918,Peru,PER,2005,72.473,2755,
919,Peru,PER,2010,73.681,5022,
920,Peru,PER,2014,74.518,6491,
921,Peru,PER,2015,74.747,6030,
922,Peru,PER,2016,74.983,6049,
923,Philippines,PHL,1985,63.798,627,
924,Philippines,PHL,1995,66.265,1176,
925,Philippines,PHL,2005,67.783,1195,
926,Philippines,PHL,2010,68.32,2130,
927,Philippines,PHL,2014,68.813,2843,
928,Philippines,PHL,2015,68.951,2878,
929,Philippines,PHL,2016,69.094,2951,
930,Poland,POL,1985,70.702,1975,
931,Poland,POL,1995,71.827,3696,
932,Poland,POL,2005,75.112,7980,
933,Poland,POL,2010,76.287,12507,
934,Poland,POL,2014,77.264,14237,
935,Poland,POL,2015,77.449,12475,
936,Poland,POL,2016,77.614,12332,
937,Polynesia,OWID_PYA,1985,65.821,4184,
938,Polynesia,OWID_PYA,1995,69.341,9689,
939,Polynesia,OWID_PYA,2005,72.402,11674,
940,Polynesia,OWID_PYA,2010,73.918,12636,
941,Polynesia,OWID_PYA,2014,74.871,12931,
942,Polynesia,OWID_PYA,2015,75.079,11183,
943,Polynesia,OWID_PYA,2016,75.279,11406,
944,Portugal,PRT,1985,73.376,2716,
945,Portugal,PRT,1995,75.388,11639,
946,Portugal,PRT,2005,78.46,18674,
947,Portugal,PRT,2010,79.946,22371,
948,Portugal,PRT,2014,80.827,21930,
949,Portugal,PRT,2015,81.029,19141,
950,Portugal,PRT,2016,81.23,19750,
951,Puerto Rico,PRI,1985,74.333,6106,
952,Puerto Rico,PRI,1995,74.165,11721,
953,Puerto Rico,PRI,2005,77.356,22286,
954,Puerto Rico,PRI,2010,78.545,26470,
955,Puerto Rico,PRI,2014,79.539,27833,
956,Puerto Rico,PRI,2015,79.75,28076,
957,Puerto Rico,PRI,2016,79.948,28636,
958,Qatar,QAT,1985,74.017,16582,
959,Qatar,QAT,1995,75.678,15660,
960,Qatar,QAT,2005,76.754,50873,
961,Qatar,QAT,2010,77.301,69466,
962,Qatar,QAT,2014,77.888,86853,
963,Qatar,QAT,2015,78.036,66347,
964,Qatar,QAT,2016,78.184,59324,
965,Romania,ROU,1985,69.634,2196,
966,Romania,ROU,1995,69.526,1640,
967,Romania,ROU,2005,72.27,4652,
968,Romania,ROU,2010,74.026,8219,
969,Romania,ROU,2014,75.122,9988,
970,Romania,ROU,2015,75.297,8931,
971,Romania,ROU,2016,75.443,9439,
972,Rwanda,RWA,1985,50.948,296,
973,Rwanda,RWA,1995,31.977,208,
974,Rwanda,RWA,2005,55.43,287,
975,Rwanda,RWA,2010,63.14,563,
976,Rwanda,RWA,2014,66.188,707,
977,Rwanda,RWA,2015,66.696,712,
978,Rwanda,RWA,2016,67.129,711,
979,Saint Lucia,LCA,1985,70.521,1970,
980,Saint Lucia,LCA,1995,71.209,4199,
981,Saint Lucia,LCA,2005,73.028,5714,
982,Saint Lucia,LCA,2010,74.465,7210,
983,Saint Lucia,LCA,2014,75.117,7962,
984,Saint Lucia,LCA,2015,75.3,8184,
985,Saint Lucia,LCA,2016,75.496,7848,
986,Samoa,WSM,1985,62.265,532,
987,Samoa,WSM,1995,67.389,1151,
988,Samoa,WSM,2005,71.051,2414,
989,Samoa,WSM,2010,73.122,3648,
990,Samoa,WSM,2014,74.504,4286,
991,Samoa,WSM,2015,74.77,3995,
992,Samoa,WSM,2016,75.013,4214,
993,Sao Tome and Principe,STP,1985,60.969,759,
994,Sao Tome and Principe,STP,1995,62.611,780,
995,Sao Tome and Principe,STP,2005,64.641,811,
996,Sao Tome and Principe,STP,2010,65.875,1130,
997,Sao Tome and Principe,STP,2014,66.361,1824,
998,Sao Tome and Principe,STP,2015,66.488,1615,
999,Sao Tome and Principe,STP,2016,66.624,1715,
1000,Saudi Arabia,SAU,1985,66.548,7877,
1001,Saudi Arabia,SAU,1995,70.922,7641,
1002,Saudi Arabia,SAU,2005,73.112,13740,
1003,Saudi Arabia,SAU,2010,73.574,19260,
1004,Saudi Arabia,SAU,2014,74.234,24575,
1005,Saudi Arabia,SAU,2015,74.4,20653,
1006,Saudi Arabia,SAU,2016,74.561,19817,
1007,Senegal,SEN,1985,53.914,433,
1008,Senegal,SEN,1995,57.405,557,
1009,Senegal,SEN,2005,60.541,774,
1010,Senegal,SEN,2010,64.177,1001,
1011,Senegal,SEN,2014,66.376,1050,
1012,Senegal,SEN,2015,66.784,913,
1013,Senegal,SEN,2016,67.146,948,
1014,Seychelles,SYC,1985,70.855,2922,
1015,Seychelles,SYC,1995,70.879,8005,
1016,Seychelles,SYC,2005,72.268,10357,
1017,Seychelles,SYC,2010,72.592,10612,
1018,Seychelles,SYC,2014,73.162,14401,
1019,Seychelles,SYC,2015,73.349,14691,
1020,Seychelles,SYC,2016,73.546,15217,
1021,Sierra Leone,SLE,1985,40.312,362,
1022,Sierra Leone,SLE,1995,35.729,276,
1023,Sierra Leone,SLE,2005,43.624,292,
1024,Sierra Leone,SLE,2010,48.224,399,
1025,Sierra Leone,SLE,2014,50.951,708,
1026,Sierra Leone,SLE,2015,51.423,582,
1027,Sierra Leone,SLE,2016,51.835,497,
1028,Singapore,SGP,1985,73.904,6858,
1029,Singapore,SGP,1995,77.358,25265,
1030,Singapore,SGP,2005,80.23,28372,
1031,Singapore,SGP,2010,81.856,46592,
1032,Singapore,SGP,2014,82.662,56559,
1033,Singapore,SGP,2015,82.849,53626,
1034,Singapore,SGP,2016,83.035,52814,
1035,Slovakia,SVK,1995,72.137,3713,
1036,Slovakia,SVK,2005,74.262,9069,
1037,Slovakia,SVK,2010,75.56,16561,
1038,Slovakia,SVK,2014,76.55,18581,
1039,Slovakia,SVK,2015,76.714,16087,
1040,Slovakia,SVK,2016,76.852,16489,
1041,Slovenia,SVN,1995,74.473,10683,
1042,Slovenia,SVN,2005,77.581,18206,
1043,Slovenia,SVN,2010,79.509,23477,
1044,Slovenia,SVN,2014,80.61,24099,
1045,Slovenia,SVN,2015,80.798,20760,
1046,Slovenia,SVN,2016,80.963,21517,
1047,Solomon Islands,SLB,1985,57.162,591,
1048,Solomon Islands,SLB,1995,59.822,1015,
1049,Solomon Islands,SLB,2005,66.104,914,
1050,Solomon Islands,SLB,2010,68.572,1363,
1051,Solomon Islands,SLB,2014,70.113,1913,
1052,Solomon Islands,SLB,2015,70.43,1804,
1053,Solomon Islands,SLB,2016,70.726,1892,
1054,Somalia,SOM,1985,46.142,119,
1055,Somalia,SOM,1995,47.148,146,
1056,Somalia,SOM,2005,52.344,222,
1057,Somalia,SOM,2010,53.986,89,
1058,Somalia,SOM,2014,55.467,102,
1059,Somalia,SOM,2015,55.876,96,
1060,Somalia,SOM,2016,56.293,92,
1061,South Africa,ZAF,1985,59.668,1768,
1062,South Africa,ZAF,1995,61.226,3741,
1063,South Africa,ZAF,2005,52.567,5280,
1064,South Africa,ZAF,2010,55.888,7276,
1065,South Africa,ZAF,2014,60.993,6433,
1066,South Africa,ZAF,2015,61.981,5741,
1067,South Africa,ZAF,2016,62.774,5274,
1068,South America,,1985,65.288,1701,South America
1069,South America,,1995,68.828,4433,South America
1070,South America,,2005,72.51,4460,South America
1071,South America,,2010,73.88,9716,South America
1072,South America,,2014,74.841,10820,South America
1073,South America,,2015,75.059,8956,South America
1074,South America,,2016,75.272,8504,South America
1075,South Sudan,SSD,2010,53.655,1510,
1076,South Sudan,SSD,2014,55.817,1374,
1077,South Sudan,SSD,2015,56.322,1128,
1078,South Sudan,SSD,2016,56.811,534,
1079,Southern Africa,,1985,59.512,1645,Africa
1080,Southern Africa,,1995,60.693,3518,Africa
1081,Southern Africa,,2005,52.212,5013,Africa
1082,Southern Africa,,2010,55.798,6884,Africa
1083,Southern Africa,,2014,60.784,6188,Africa
1084,Southern Africa,,2015,61.75,5517,Africa
1085,Southern Africa,,2016,62.528,5105,Africa
1086,Southern Asia,,1985,55.9,346,Asia
1087,Southern Asia,,1995,60.846,463,Asia
1088,Southern Asia,,2005,64.977,795,Asia
1089,Southern Asia,,2010,66.953,1480,Asia
1090,Southern Asia,,2014,68.311,1684,Asia
1091,Southern Asia,,2015,68.586,1709,Asia
1092,Southern Asia,,2016,68.84,1797,Asia
1093,Southern Europe,,1985,74.727,5514,Europe
1094,Southern Europe,,1995,76.819,14667,Europe
1095,Southern Europe,,2005,79.402,23983,Europe
1096,Southern Europe,,2010,80.581,27967,Europe
1097,Southern Europe,,2014,81.375,27611,Europe
1098,Southern Europe,,2015,81.557,23736,Europe
1099,Southern Europe,,2016,81.732,24281,Europe
1100,Spain,ESP,1985,76.545,4643,
1101,Spain,ESP,1995,78.167,15366,
1102,Spain,ESP,2005,80.545,26276,
1103,Spain,ESP,2010,81.898,30598,
1104,Spain,ESP,2014,82.802,29597,
1105,Spain,ESP,2015,82.983,25816,
1106,Spain,ESP,2016,83.148,26695,
1107,Sri Lanka,LKA,1985,69.079,425,
1108,Sri Lanka,LKA,1995,69.31,838,
1109,Sri Lanka,LKA,2005,73.896,1431,
1110,Sri Lanka,LKA,2010,74.352,2808,
1111,Sri Lanka,LKA,2014,74.906,3848,
1112,Sri Lanka,LKA,2015,75.088,3892,
1113,Sri Lanka,LKA,2016,75.284,3910,Africa
1114,Sub-Saharan Africa,,1985,48.778,873,Africa
1115,Sub-Saharan Africa,,1995,49.007,662,Africa
1116,Sub-Saharan Africa,,2005,52.326,1026,Africa
1117,Sub-Saharan Africa,,2010,56.162,1540,Africa
1118,Sub-Saharan Africa,,2014,58.727,1831,Africa
1119,Sub-Saharan Africa,,2015,59.252,1594,Africa
1120,Sub-Saharan Africa,,2016,59.729,1451,Africa
1121,Sudan,SDN,2010,62.62,1584,
1122,Sudan,SDN,2014,64.002,1838,
1123,Sudan,SDN,2015,64.257,2058,
1124,Sudan,SDN,2016,64.486,2094,
1125,Suriname,SUR,1985,66.902,3221,
1126,Suriname,SUR,1995,67.722,1903,
1127,Suriname,SUR,2005,68.768,4395,
1128,Suriname,SUR,2010,70.335,8303,
1129,Suriname,SUR,2014,71.138,9565,
1130,Suriname,SUR,2015,71.279,8725,
1131,Suriname,SUR,2016,71.405,5871,
1132,Sweden,SWE,1985,76.781,13462,
1133,Sweden,SWE,1995,78.743,29882,
1134,Sweden,SWE,2005,80.596,43042,
1135,Sweden,SWE,2010,81.486,52009,
1136,Sweden,SWE,2014,82.136,59221,
1137,Sweden,SWE,2015,82.299,50998,
1138,Sweden,SWE,2016,82.462,52297,
1139,Switzerland,CHE,1985,76.676,16692,
1140,Switzerland,CHE,1995,78.537,48817,
1141,Switzerland,CHE,2005,81.163,55153,
1142,Switzerland,CHE,2010,82.27,74538,
1143,Switzerland,CHE,2014,82.968,86174,
1144,Switzerland,CHE,2015,83.139,81648,
1145,Switzerland,CHE,2016,83.308,79609,
1146,Tajikistan,TJK,1995,63.185,211,
1147,Tajikistan,TJK,2005,67.607,337,
1148,Tajikistan,TJK,2010,69.644,738,
1149,Tajikistan,TJK,2014,70.69,1105,
1150,Tajikistan,TJK,2015,70.879,919,
1151,Tajikistan,TJK,2016,71.051,796,
1152,Thailand,THA,1985,67.911,773,
1153,Thailand,THA,1995,70.192,2841,
1154,Thailand,THA,2005,72.149,2894,
1155,Thailand,THA,2010,73.923,5075,
1156,Thailand,THA,2014,74.895,5942,
1157,Thailand,THA,2015,75.103,5815,
1158,Thailand,THA,2016,75.303,5911,
1159,Togo,TGO,1985,54.673,264,
1160,Togo,TGO,1995,54.756,389,
1161,Togo,TGO,2005,54.598,401,
1162,Togo,TGO,2010,57.465,527,
1163,Togo,TGO,2014,59.601,632,
1164,Togo,TGO,2015,59.949,563,
1165,Togo,TGO,2016,60.232,585,
1166,Tonga,TON,1985,68.716,779,
1167,Tonga,TON,1995,70.164,2115,
1168,Tonga,TON,2005,71.504,2589,
1169,Tonga,TON,2010,72.173,3590,
1170,Tonga,TON,2014,72.732,4118,
1171,Tonga,TON,2015,72.88,3778,
1172,Tonga,TON,2016,73.029,3748,
1173,Trinidad and Tobago,TTO,1985,67.523,6299,
1174,Trinidad and Tobago,TTO,1995,68.344,4246,
1175,Trinidad and Tobago,TTO,2005,68.927,12323,
1176,Trinidad and Tobago,TTO,2010,69.756,16658,
1177,Trinidad and Tobago,TTO,2014,70.426,20131,
1178,Trinidad and Tobago,TTO,2015,70.556,19056,
1179,Trinidad and Tobago,TTO,2016,70.673,17646,
1180,Tunisia,TUN,1985,65.834,1261,
1181,Tunisia,TUN,1995,71.496,2172,
1182,Tunisia,TUN,2005,74.2,3194,
1183,Tunisia,TUN,2010,74.793,4140,
1184,Tunisia,TUN,2014,75.335,4272,
1185,Tunisia,TUN,2015,75.525,3815,
1186,Tunisia,TUN,2016,75.731,3657,
1187,Turkey,TUR,1985,61.682,1884,
1188,Turkey,TUR,1995,66.963,3985,
1189,Turkey,TUR,2005,72.481,7384,
1190,Turkey,TUR,2010,74.154,10672,
1191,Turkey,TUR,2014,75.239,12127,
1192,Turkey,TUR,2015,75.498,10985,
1193,Turkey,TUR,2016,75.755,10863,
1194,Turkmenistan,TKM,1995,62.85,520,
1195,Turkmenistan,TKM,2005,65.017,2983,
1196,Turkmenistan,TKM,2010,66.657,4439,
1197,Turkmenistan,TKM,2014,67.552,7962,
1198,Turkmenistan,TKM,2015,67.704,6478,
1199,Turkmenistan,TKM,2016,67.835,6389,
1200,Uganda,UGA,1985,48.104,324,
1201,Uganda,UGA,1995,44.22,348,
1202,Uganda,UGA,2005,52.64,391,
1203,Uganda,UGA,2010,57.153,584,
1204,Uganda,UGA,2014,59.224,720,
1205,Uganda,UGA,2015,59.575,628,
1206,Uganda,UGA,2016,59.889,610,
1207,Ukraine,UKR,1995,67.895,990,
1208,Ukraine,UKR,2005,67.435,1903,
1209,Ukraine,UKR,2010,69.457,2970,
1210,Ukraine,UKR,2014,71.491,2974,
1211,Ukraine,UKR,2015,71.768,2038,
1212,Ukraine,UKR,2016,71.96,2099,
1213,United Arab Emirates,ARE,1985,69.845,29571,
1214,United Arab Emirates,ARE,1995,72.943,27198,
1215,United Arab Emirates,ARE,2005,75.422,39955,
1216,United Arab Emirates,ARE,2010,76.344,35038,
1217,United Arab Emirates,ARE,2014,76.948,44443,
1218,United Arab Emirates,ARE,2015,77.101,39122,
1219,United Arab Emirates,ARE,2016,77.256,37622,
1220,United Kingdom,GBR,1985,74.668,8665,
1221,United Kingdom,GBR,1995,76.695,23031,
1222,United Kingdom,GBR,2005,79.049,41812,
1223,United Kingdom,GBR,2010,80.366,38561,
1224,United Kingdom,GBR,2014,81.234,46494,
1225,United Kingdom,GBR,2015,81.406,44124,
1226,United Kingdom,GBR,2016,81.565,40249,
1227,Uruguay,URY,1985,71.584,1735,
1228,Uruguay,URY,1995,73.613,6609,
1229,Uruguay,URY,2005,75.792,5221,
1230,Uruguay,URY,2010,76.588,11938,
1231,Uruguay,URY,2014,77.19,16738,
1232,Uruguay,URY,2015,77.341,15525,
1233,Uruguay,URY,2016,77.493,15221,
1234,Uzbekistan,UZB,1995,66.396,589,
1235,Uzbekistan,UZB,2005,68.367,543,
1236,Uzbekistan,UZB,2010,70.005,1382,
1237,Uzbekistan,UZB,2014,71.039,2081,
1238,Uzbekistan,UZB,2015,71.192,2176,
1239,Uzbekistan,UZB,2016,71.314,2155,
1240,Vanuatu,VUT,1985,60.916,1020,
1241,Vanuatu,VUT,1995,65.345,1621,
1242,Vanuatu,VUT,2005,69.221,1886,
1243,Vanuatu,VUT,2010,70.721,2966,
1244,Vanuatu,VUT,2014,71.709,3148,
1245,Vanuatu,VUT,2015,71.925,2899,
1246,Vanuatu,VUT,2016,72.133,3097,
1247,Western Africa,,1985,47.339,1325,Africa
1248,Western Africa,,1995,48.118,469,Africa
1249,Western Africa,,2005,50.713,955,Africa
1250,Western Africa,,2010,53.598,1603,Africa
1251,Western Africa,,2014,55.431,2133,Africa
1252,Western Africa,,2015,55.869,1831,Africa
1253,Western Africa,,2016,56.303,1570,Africa
1254,Western Asia,,1985,64.006,2967,Asia
1255,Western Asia,,1995,68.247,3959,Asia
1256,Western Asia,,2005,71.515,7269,Asia
1257,Western Asia,,2010,72.41,10872,Asia
1258,Western Asia,,2014,73.103,13344,Asia
1259,Western Asia,,2015,73.322,11514,Asia
1260,Western Asia,,2016,73.56,11122,Asia
1261,Western Europe,,1985,74.854,9786,Europe
1262,Western Europe,,1995,77.12,30432,Europe
1263,Western Europe,,2005,79.585,36704,Europe
1264,Western Europe,,2010,80.662,44223,Europe
1265,Western Europe,,2014,81.341,48491,Europe
1266,Western Europe,,2015,81.507,41979,Europe
1267,Western Europe,,2016,81.673,42669,Europe
1268,Yemen,YEM,1995,59.275,387,
1269,Yemen,YEM,2005,61.857,925,
1270,Yemen,YEM,2010,63.508,1230,
1271,Yemen,YEM,2014,64.523,1273,
1272,Yemen,YEM,2015,64.743,999,
1273,Yemen,YEM,2016,64.953,920,
1274,Zambia,ZMB,1985,48.661,399,
1275,Zambia,ZMB,1995,43.166,417,
1276,Zambia,ZMB,2005,49.63,691,
1277,Zambia,ZMB,2010,56.588,1463,
1278,Zambia,ZMB,2014,60.775,1738,
1279,Zambia,ZMB,2015,61.397,1319,
1280,Zambia,ZMB,2016,61.874,1270,
1281,Zimbabwe,ZWE,1985,60.999,872,
1282,Zimbabwe,ZWE,1995,50.811,846,
1283,Zimbabwe,ZWE,2005,45.282,481,
1284,Zimbabwe,ZWE,2010,52.975,714,
1285,Zimbabwe,ZWE,2014,59.36,1027,
1286,Zimbabwe,ZWE,2015,60.398,1019,
1287,Zimbabwe,ZWE,2016,61.163,998,